Dataset,File,Stream_Index,Stream_Type,Stream_Name,Num_Samples
unknown_order,D:\A. NEUROSCIENCE\CSL LAB Project I\Data\1\BPR_GRP_0(1)\BPR_GRP_0\Data\busy\sub_02\recording_busy.xdf,0,Markers,Marker-Stream,1468
unknown_order,D:\A. NEUROSCIENCE\CSL LAB Project I\Data\1\BPR_GRP_0(1)\BPR_GRP_0\Data\busy\sub_02\recording_busy.xdf,1,Data,Unicorn,512509
unknown_order,D:\A. NEUROSCIENCE\CSL LAB Project I\Data\1\BPR_GRP_0(1)\BPR_GRP_0\Data\busy\sub_03\recording_busy.xdf,0,Markers,Marker-Stream,2204
unknown_order,D:\A. NEUROSCIENCE\CSL LAB Project I\Data\1\BPR_GRP_0(1)\BPR_GRP_0\Data\busy\sub_03\recording_busy.xdf,1,Data,Unicorn,623930
unknown_order,D:\A. NEUROSCIENCE\CSL LAB Project I\Data\1\BPR_GRP_0(1)\BPR_GRP_0\Data\busy\sub_04\recording_busy.xdf,0,Markers,Marker-Stream,1567
unknown_order,D:\A. NEUROSCIENCE\CSL LAB Project I\Data\1\BPR_GRP_0(1)\BPR_GRP_0\Data\busy\sub_04\recording_busy.xdf,1,Data,Unicorn,482557
unknown_order,D:\A. NEUROSCIENCE\CSL LAB Project I\Data\1\BPR_GRP_0(1)\BPR_GRP_0\Data\busy\sub_05\recording_busy.xdf,0,Markers,Marker-Stream,2232
unknown_order,D:\A. NEUROSCIENCE\CSL LAB Project I\Data\1\BPR_GRP_0(1)\BPR_GRP_0\Data\busy\sub_05\recording_busy.xdf,1,Data,Unicorn,590732
unknown_order,D:\A. NEUROSCIENCE\CSL LAB Project I\Data\1\BPR_GRP_0(1)\BPR_GRP_0\Data\busy\sub_07\recording_busy.xdf,0,Data,Unicorn,483187
unknown_order,D:\A. NEUROSCIENCE\CSL LAB Project I\Data\1\BPR_GRP_0(1)\BPR_GRP_0\Data\busy\sub_07\recording_busy.xdf,1,Markers,Marker-Stream,2175
unknown_order,D:\A. NEUROSCIENCE\CSL LAB Project I\Data\1\BPR_GRP_0(1)\BPR_GRP_0\Data\busy\sub_09\recording_busy.xdf,0,Markers,Marker-Stream,2251
unknown_order,D:\A. NEUROSCIENCE\CSL LAB Project I\Data\1\BPR_GRP_0(1)\BPR_GRP_0\Data\busy\sub_09\recording_busy.xdf,1,Data,Unicorn,518748
unknown_order,D:\A. NEUROSCIENCE\CSL LAB Project I\Data\1\BPR_GRP_0(1)\BPR_GRP_0\Data\busy\sub_11\recording_busy.xdf,0,Markers,Marker-Stream,2275
unknown_order,D:\A. NEUROSCIENCE\CSL LAB Project I\Data\1\BPR_GRP_0(1)\BPR_GRP_0\Data\busy\sub_11\recording_busy.xdf,1,Data,Unicorn,735827
unknown_order,D:\A. NEUROSCIENCE\CSL LAB Project I\Data\1\BPR_GRP_0(1)\BPR_GRP_0\Data\busy\sub_13\recording_busy.xdf,0,Markers,Marker-Stream,2298
unknown_order,D:\A. NEUROSCIENCE\CSL LAB Project I\Data\1\BPR_GRP_0(1)\BPR_GRP_0\Data\busy\sub_13\recording_busy.xdf,1,Data,Unicorn,548047
unknown_order,D:\A. NEUROSCIENCE\CSL LAB Project I\Data\1\BPR_GRP_0(1)\BPR_GRP_0\Data\busy\sub_22\recording_busy.xdf,0,Markers,Marker-Stream,1623
unknown_order,D:\A. NEUROSCIENCE\CSL LAB Project I\Data\1\BPR_GRP_0(1)\BPR_GRP_0\Data\busy\sub_22\recording_busy.xdf,1,Data,Unicorn,429388
unknown_order,D:\A. NEUROSCIENCE\CSL LAB Project I\Data\1\BPR_GRP_0(1)\BPR_GRP_0\Data\busy\sub_68\recording_busy.xdf,0,Data,Unicorn,547631
unknown_order,D:\A. NEUROSCIENCE\CSL LAB Project I\Data\1\BPR_GRP_0(1)\BPR_GRP_0\Data\busy\sub_68\recording_busy.xdf,1,Markers,Marker-Stream,1479
unknown_order,D:\A. NEUROSCIENCE\CSL LAB Project I\Data\1\BPR_GRP_0(1)\BPR_GRP_0\Data\busy\sub_69\recording_busy.xdf,0,Data,Unicorn,656646
unknown_order,D:\A. NEUROSCIENCE\CSL LAB Project I\Data\1\BPR_GRP_0(1)\BPR_GRP_0\Data\busy\sub_69\recording_busy.xdf,1,Markers,Marker-Stream,2171
unknown_order,D:\A. NEUROSCIENCE\CSL LAB Project I\Data\1\BPR_GRP_0(1)\BPR_GRP_0\Data\busy\sub_77\recording_busy.xdf,0,Data,Unicorn,0
unknown_order,D:\A. NEUROSCIENCE\CSL LAB Project I\Data\1\BPR_GRP_0(1)\BPR_GRP_0\Data\busy\sub_77\recording_busy.xdf,1,Markers,Marker-Stream,1544
unknown_order,D:\A. NEUROSCIENCE\CSL LAB Project I\Data\1\BPR_GRP_0(1)\BPR_GRP_0\Data\busy\sub_77\recording_busy.xdf,2,Data,Unicorn,662267
unknown_order,D:\A. NEUROSCIENCE\CSL LAB Project I\Data\1\BPR_GRP_0(1)\BPR_GRP_0\Data\busy\sub_99\recording_busy.xdf,0,Markers,Marker-Stream,2138
unknown_order,D:\A. NEUROSCIENCE\CSL LAB Project I\Data\1\BPR_GRP_0(1)\BPR_GRP_0\Data\busy\sub_99\recording_busy.xdf,1,Data,Unicorn,606338
unknown_order,D:\A. NEUROSCIENCE\CSL LAB Project I\Data\1\BPR_GRP_0(1)\BPR_GRP_0\Data\calm\sub_02\recording_calm.xdf,0,Data,Unicorn,547149
unknown_order,D:\A. NEUROSCIENCE\CSL LAB Project I\Data\1\BPR_GRP_0(1)\BPR_GRP_0\Data\calm\sub_02\recording_calm.xdf,1,Markers,Marker-Stream,1367
unknown_order,D:\A. NEUROSCIENCE\CSL LAB Project I\Data\1\BPR_GRP_0(1)\BPR_GRP_0\Data\calm\sub_03\recording_calm.xdf,0,Markers,Marker-Stream,2176
unknown_order,D:\A. NEUROSCIENCE\CSL LAB Project I\Data\1\BPR_GRP_0(1)\BPR_GRP_0\Data\calm\sub_03\recording_calm.xdf,1,Data,Unicorn,718197
unknown_order,D:\A. NEUROSCIENCE\CSL LAB Project I\Data\1\BPR_GRP_0(1)\BPR_GRP_0\Data\calm\sub_04\recording_calm.xdf,0,Markers,Marker-Stream,1531
unknown_order,D:\A. NEUROSCIENCE\CSL LAB Project I\Data\1\BPR_GRP_0(1)\BPR_GRP_0\Data\calm\sub_04\recording_calm.xdf,1,Data,Unicorn,433709
unknown_order,D:\A. NEUROSCIENCE\CSL LAB Project I\Data\1\BPR_GRP_0(1)\BPR_GRP_0\Data\calm\sub_05\recording_calm.xdf,0,Markers,Marker-Stream,2198
unknown_order,D:\A. NEUROSCIENCE\CSL LAB Project I\Data\1\BPR_GRP_0(1)\BPR_GRP_0\Data\calm\sub_05\recording_calm.xdf,1,Data,Unicorn,724862
unknown_order,D:\A. NEUROSCIENCE\CSL LAB Project I\Data\1\BPR_GRP_0(1)\BPR_GRP_0\Data\calm\sub_07\recording_calm.xdf,0,Markers,Marker-Stream,2205
unknown_order,D:\A. NEUROSCIENCE\CSL LAB Project I\Data\1\BPR_GRP_0(1)\BPR_GRP_0\Data\calm\sub_07\recording_calm.xdf,1,Data,Unicorn,508383
unknown_order,D:\A. NEUROSCIENCE\CSL LAB Project I\Data\1\BPR_GRP_0(1)\BPR_GRP_0\Data\calm\sub_09\recording_calm.xdf,0,Markers,Marker-Stream,2282
unknown_order,D:\A. NEUROSCIENCE\CSL LAB Project I\Data\1\BPR_GRP_0(1)\BPR_GRP_0\Data\calm\sub_09\recording_calm.xdf,1,Data,Unicorn,603219
unknown_order,D:\A. NEUROSCIENCE\CSL LAB Project I\Data\1\BPR_GRP_0(1)\BPR_GRP_0\Data\calm\sub_11\recording_calm.xdf,0,Markers,Marker-Stream,2277
unknown_order,D:\A. NEUROSCIENCE\CSL LAB Project I\Data\1\BPR_GRP_0(1)\BPR_GRP_0\Data\calm\sub_11\recording_calm.xdf,1,Data,Unicorn,751614
unknown_order,D:\A. NEUROSCIENCE\CSL LAB Project I\Data\1\BPR_GRP_0(1)\BPR_GRP_0\Data\calm\sub_13\recording_calm.xdf,0,Markers,Marker-Stream,2278
unknown_order,D:\A. NEUROSCIENCE\CSL LAB Project I\Data\1\BPR_GRP_0(1)\BPR_GRP_0\Data\calm\sub_13\recording_calm.xdf,1,Data,Unicorn,722447
unknown_order,D:\A. NEUROSCIENCE\CSL LAB Project I\Data\1\BPR_GRP_0(1)\BPR_GRP_0\Data\calm\sub_22\recording_calm.xdf,0,Data,Unicorn,452674
unknown_order,D:\A. NEUROSCIENCE\CSL LAB Project I\Data\1\BPR_GRP_0(1)\BPR_GRP_0\Data\calm\sub_22\recording_calm.xdf,1,Markers,Marker-Stream,1633
unknown_order,D:\A. NEUROSCIENCE\CSL LAB Project I\Data\1\BPR_GRP_0(1)\BPR_GRP_0\Data\calm\sub_68\recording_calm.xdf,0,Data,Unicorn,477613
unknown_order,D:\A. NEUROSCIENCE\CSL LAB Project I\Data\1\BPR_GRP_0(1)\BPR_GRP_0\Data\calm\sub_68\recording_calm.xdf,1,Markers,Marker-Stream,1586
unknown_order,D:\A. NEUROSCIENCE\CSL LAB Project I\Data\1\BPR_GRP_0(1)\BPR_GRP_0\Data\calm\sub_69\recording_calm.xdf,0,Data,Unicorn,870865
unknown_order,D:\A. NEUROSCIENCE\CSL LAB Project I\Data\1\BPR_GRP_0(1)\BPR_GRP_0\Data\calm\sub_69\recording_calm.xdf,1,Markers,Marker-Stream,2130
unknown_order,D:\A. NEUROSCIENCE\CSL LAB Project I\Data\1\BPR_GRP_0(1)\BPR_GRP_0\Data\calm\sub_77\recording_calm.xdf,0,Data,Unicorn,592094
unknown_order,D:\A. NEUROSCIENCE\CSL LAB Project I\Data\1\BPR_GRP_0(1)\BPR_GRP_0\Data\calm\sub_77\recording_calm.xdf,1,Markers,Marker-Stream,2272
unknown_order,D:\A. NEUROSCIENCE\CSL LAB Project I\Data\1\BPR_GRP_0(1)\BPR_GRP_0\Data\calm\sub_99\recording_calm.xdf,0,Data,Unicorn,603564
unknown_order,D:\A. NEUROSCIENCE\CSL LAB Project I\Data\1\BPR_GRP_0(1)\BPR_GRP_0\Data\calm\sub_99\recording_calm.xdf,1,Markers,Marker-Stream,2204
unknown_order,D:\A. NEUROSCIENCE\CSL LAB Project I\Data\1\Casual EEG Recordings\Casual EEG Recordings\#1 10.02.25-16.02.25\01_140225_23229_Bedtime_ISSUE.xdf,0,Labels,LabelStream,19
unknown_order,D:\A. NEUROSCIENCE\CSL LAB Project I\Data\1\Casual EEG Recordings\Casual EEG Recordings\#1 10.02.25-16.02.25\01_140225_23229_Bedtime_ISSUE.xdf,1,Markers,n-back,26
unknown_order,D:\A. NEUROSCIENCE\CSL LAB Project I\Data\1\Casual EEG Recordings\Casual EEG Recordings\#1 10.02.25-16.02.25\01_140225_23229_Bedtime_ISSUE.xdf,2,Data,UnicornStream,420530
unknown_order,D:\A. NEUROSCIENCE\CSL LAB Project I\Data\1\Casual EEG Recordings\Casual EEG Recordings\#1 10.02.25-16.02.25\01_140225_23229_Bedtime_ISSUE.xdf,3,Audio,AudioStream,129426
unknown_order,D:\A. NEUROSCIENCE\CSL LAB Project I\Data\1\Casual EEG Recordings\Casual EEG Recordings\#1 10.02.25-16.02.25\01_150225_1533_WalkBankStore_ISSUE.xdf,0,Labels,LabelStream,24
unknown_order,D:\A. NEUROSCIENCE\CSL LAB Project I\Data\1\Casual EEG Recordings\Casual EEG Recordings\#1 10.02.25-16.02.25\01_150225_1533_WalkBankStore_ISSUE.xdf,1,Data,UnicornStream,915085
unknown_order,D:\A. NEUROSCIENCE\CSL LAB Project I\Data\1\Casual EEG Recordings\Casual EEG Recordings\#1 10.02.25-16.02.25\01_150225_1533_WalkBankStore_ISSUE.xdf,2,Markers,n-back,26
unknown_order,D:\A. NEUROSCIENCE\CSL LAB Project I\Data\1\Casual EEG Recordings\Casual EEG Recordings\#1 10.02.25-16.02.25\01_150225_1533_WalkBankStore_ISSUE.xdf,3,Audio,AudioStream,281156
unknown_order,D:\A. NEUROSCIENCE\CSL LAB Project I\Data\1\Casual EEG Recordings\Casual EEG Recordings\#1 10.02.25-16.02.25\01_150225_1659_Cooking.xdf,0,Labels,LabelStream,42
unknown_order,D:\A. NEUROSCIENCE\CSL LAB Project I\Data\1\Casual EEG Recordings\Casual EEG Recordings\#1 10.02.25-16.02.25\01_150225_1659_Cooking.xdf,1,Markers,n-back,26
unknown_order,D:\A. NEUROSCIENCE\CSL LAB Project I\Data\1\Casual EEG Recordings\Casual EEG Recordings\#1 10.02.25-16.02.25\01_150225_1659_Cooking.xdf,2,Data,UnicornStream,1109057
unknown_order,D:\A. NEUROSCIENCE\CSL LAB Project I\Data\1\Casual EEG Recordings\Casual EEG Recordings\#1 10.02.25-16.02.25\01_150225_1659_Cooking.xdf,3,Audio,AudioStream,340656
unknown_order,D:\A. NEUROSCIENCE\CSL LAB Project I\Data\1\Casual EEG Recordings\Casual EEG Recordings\#1 10.02.25-16.02.25\01_160225_LyingGaming_2351.xdf,0,Labels,LabelStream,31
unknown_order,D:\A. NEUROSCIENCE\CSL LAB Project I\Data\1\Casual EEG Recordings\Casual EEG Recordings\#1 10.02.25-16.02.25\01_160225_LyingGaming_2351.xdf,1,Data,UnicornStream,711549
unknown_order,D:\A. NEUROSCIENCE\CSL LAB Project I\Data\1\Casual EEG Recordings\Casual EEG Recordings\#1 10.02.25-16.02.25\01_160225_LyingGaming_2351.xdf,2,Markers,n-back,26
unknown_order,D:\A. NEUROSCIENCE\CSL LAB Project I\Data\1\Casual EEG Recordings\Casual EEG Recordings\#1 10.02.25-16.02.25\01_160225_LyingGaming_2351.xdf,3,Audio,AudioStream,218618
unknown_order,D:\A. NEUROSCIENCE\CSL LAB Project I\Data\1\Casual EEG Recordings\Casual EEG Recordings\#2  17.02.25-23.02.25\01_210225_0822_CookingEating.xdf,0,Markers,n-back,26
unknown_order,D:\A. NEUROSCIENCE\CSL LAB Project I\Data\1\Casual EEG Recordings\Casual EEG Recordings\#2  17.02.25-23.02.25\01_210225_0822_CookingEating.xdf,1,Labels,LabelStream,36
unknown_order,D:\A. NEUROSCIENCE\CSL LAB Project I\Data\1\Casual EEG Recordings\Casual EEG Recordings\#2  17.02.25-23.02.25\01_210225_0822_CookingEating.xdf,2,Data,UnicornStream,1215180
unknown_order,D:\A. NEUROSCIENCE\CSL LAB Project I\Data\1\Casual EEG Recordings\Casual EEG Recordings\#2  17.02.25-23.02.25\01_210225_0822_CookingEating.xdf,3,Audio,AudioStream,373232
unknown_order,D:\A. NEUROSCIENCE\CSL LAB Project I\Data\1\Casual EEG Recordings\Casual EEG Recordings\#3  24.02.25-02.03.25\01_010325_1643_Cooking.xdf,0,Labels,LabelStream,77
unknown_order,D:\A. NEUROSCIENCE\CSL LAB Project I\Data\1\Casual EEG Recordings\Casual EEG Recordings\#3  24.02.25-02.03.25\01_010325_1643_Cooking.xdf,1,Markers,n-back,26
unknown_order,D:\A. NEUROSCIENCE\CSL LAB Project I\Data\1\Casual EEG Recordings\Casual EEG Recordings\#3  24.02.25-02.03.25\01_010325_1643_Cooking.xdf,2,Data,UnicornStream,1284721
unknown_order,D:\A. NEUROSCIENCE\CSL LAB Project I\Data\1\Casual EEG Recordings\Casual EEG Recordings\#3  24.02.25-02.03.25\01_010325_1643_Cooking.xdf,3,Audio,AudioStream,394656
unknown_order,D:\A. NEUROSCIENCE\CSL LAB Project I\Data\1\Casual EEG Recordings\Casual EEG Recordings\#3  24.02.25-02.03.25\01_260225_1626_Writing.xdf,0,Labels,LabelStream,25
unknown_order,D:\A. NEUROSCIENCE\CSL LAB Project I\Data\1\Casual EEG Recordings\Casual EEG Recordings\#3  24.02.25-02.03.25\01_260225_1626_Writing.xdf,1,Markers,n-back,26
unknown_order,D:\A. NEUROSCIENCE\CSL LAB Project I\Data\1\Casual EEG Recordings\Casual EEG Recordings\#3  24.02.25-02.03.25\01_260225_1626_Writing.xdf,2,Data,UnicornStream,1173299
unknown_order,D:\A. NEUROSCIENCE\CSL LAB Project I\Data\1\Casual EEG Recordings\Casual EEG Recordings\#3  24.02.25-02.03.25\01_260225_1626_Writing.xdf,3,Audio,AudioStream,360618
unknown_order,D:\A. NEUROSCIENCE\CSL LAB Project I\Data\1\Casual EEG Recordings\Casual EEG Recordings\#3  24.02.25-02.03.25\01_270225_1022_Cooking.xdf,0,Labels,LabelStream,40
unknown_order,D:\A. NEUROSCIENCE\CSL LAB Project I\Data\1\Casual EEG Recordings\Casual EEG Recordings\#3  24.02.25-02.03.25\01_270225_1022_Cooking.xdf,1,Markers,n-back,0
unknown_order,D:\A. NEUROSCIENCE\CSL LAB Project I\Data\1\Casual EEG Recordings\Casual EEG Recordings\#3  24.02.25-02.03.25\01_270225_1022_Cooking.xdf,2,Data,UnicornStream,476656
unknown_order,D:\A. NEUROSCIENCE\CSL LAB Project I\Data\1\Casual EEG Recordings\Casual EEG Recordings\#3  24.02.25-02.03.25\01_270225_1022_Cooking.xdf,3,Audio,AudioStream,159694
unknown_order,D:\A. NEUROSCIENCE\CSL LAB Project I\Data\1\Casual EEG Recordings\Casual EEG Recordings\#3  24.02.25-02.03.25\01_270225_1221_WalkPharmacyStore_ISSUE.xdf,0,Labels,LabelStream,31
unknown_order,D:\A. NEUROSCIENCE\CSL LAB Project I\Data\1\Casual EEG Recordings\Casual EEG Recordings\#3  24.02.25-02.03.25\01_270225_1221_WalkPharmacyStore_ISSUE.xdf,1,Markers,n-back,26
unknown_order,D:\A. NEUROSCIENCE\CSL LAB Project I\Data\1\Casual EEG Recordings\Casual EEG Recordings\#3  24.02.25-02.03.25\01_270225_1221_WalkPharmacyStore_ISSUE.xdf,2,Data,UnicornStream,966687
unknown_order,D:\A. NEUROSCIENCE\CSL LAB Project I\Data\1\Casual EEG Recordings\Casual EEG Recordings\#3  24.02.25-02.03.25\01_270225_1221_WalkPharmacyStore_ISSUE.xdf,3,Audio,AudioStream,297040
unknown_order,D:\A. NEUROSCIENCE\CSL LAB Project I\Data\1\Casual EEG Recordings\Casual EEG Recordings\#3  24.02.25-02.03.25\01_280225_1435_Cooking.xdf,0,Markers,n-back,26
unknown_order,D:\A. NEUROSCIENCE\CSL LAB Project I\Data\1\Casual EEG Recordings\Casual EEG Recordings\#3  24.02.25-02.03.25\01_280225_1435_Cooking.xdf,1,Labels,LabelStream,49
unknown_order,D:\A. NEUROSCIENCE\CSL LAB Project I\Data\1\Casual EEG Recordings\Casual EEG Recordings\#3  24.02.25-02.03.25\01_280225_1435_Cooking.xdf,2,Data,UnicornStream,961183
unknown_order,D:\A. NEUROSCIENCE\CSL LAB Project I\Data\1\Casual EEG Recordings\Casual EEG Recordings\#3  24.02.25-02.03.25\01_280225_1435_Cooking.xdf,3,Audio,AudioStream,295272
unknown_order,D:\A. NEUROSCIENCE\CSL LAB Project I\Data\1\Casual EEG Recordings\Casual EEG Recordings\#4  03.03.25-09.03.25\01_040325_0740_Busride_ISSUE.xdf,0,Markers,n-back,26
unknown_order,D:\A. NEUROSCIENCE\CSL LAB Project I\Data\1\Casual EEG Recordings\Casual EEG Recordings\#4  03.03.25-09.03.25\01_040325_0740_Busride_ISSUE.xdf,1,Labels,LabelStream,33
unknown_order,D:\A. NEUROSCIENCE\CSL LAB Project I\Data\1\Casual EEG Recordings\Casual EEG Recordings\#4  03.03.25-09.03.25\01_040325_0740_Busride_ISSUE.xdf,2,Data,UnicornStream,1062265
unknown_order,D:\A. NEUROSCIENCE\CSL LAB Project I\Data\1\Casual EEG Recordings\Casual EEG Recordings\#4  03.03.25-09.03.25\01_040325_0740_Busride_ISSUE.xdf,3,Audio,AudioStream,326464
unknown_order,D:\A. NEUROSCIENCE\CSL LAB Project I\Data\1\Casual EEG Recordings\Casual EEG Recordings\#4  03.03.25-09.03.25\01_040325_1531_Cooking.xdf,0,Labels,LabelStream,39
unknown_order,D:\A. NEUROSCIENCE\CSL LAB Project I\Data\1\Casual EEG Recordings\Casual EEG Recordings\#4  03.03.25-09.03.25\01_040325_1531_Cooking.xdf,1,Markers,n-back,26
unknown_order,D:\A. NEUROSCIENCE\CSL LAB Project I\Data\1\Casual EEG Recordings\Casual EEG Recordings\#4  03.03.25-09.03.25\01_040325_1531_Cooking.xdf,2,Data,UnicornStream,698922
unknown_order,D:\A. NEUROSCIENCE\CSL LAB Project I\Data\1\Casual EEG Recordings\Casual EEG Recordings\#4  03.03.25-09.03.25\01_040325_1531_Cooking.xdf,3,Audio,AudioStream,214694
unknown_order,D:\A. NEUROSCIENCE\CSL LAB Project I\Data\1\Casual EEG Recordings\Casual EEG Recordings\#5 17.03.25-24.03.25\01_170325_2048_Drawing.xdf,0,Markers,n-back,26
unknown_order,D:\A. NEUROSCIENCE\CSL LAB Project I\Data\1\Casual EEG Recordings\Casual EEG Recordings\#5 17.03.25-24.03.25\01_170325_2048_Drawing.xdf,1,Labels,LabelStream,22
unknown_order,D:\A. NEUROSCIENCE\CSL LAB Project I\Data\1\Casual EEG Recordings\Casual EEG Recordings\#5 17.03.25-24.03.25\01_170325_2048_Drawing.xdf,2,Data,UnicornStream,978758
unknown_order,D:\A. NEUROSCIENCE\CSL LAB Project I\Data\1\Casual EEG Recordings\Casual EEG Recordings\#5 17.03.25-24.03.25\01_170325_2048_Drawing.xdf,3,Audio,AudioStream,300810
unknown_order,D:\A. NEUROSCIENCE\CSL LAB Project I\Data\1\Casual EEG Recordings\Casual EEG Recordings\#5 17.03.25-24.03.25\01_170325_2219_CookingEating.xdf,0,Markers,n-back,26
unknown_order,D:\A. NEUROSCIENCE\CSL LAB Project I\Data\1\Casual EEG Recordings\Casual EEG Recordings\#5 17.03.25-24.03.25\01_170325_2219_CookingEating.xdf,1,Labels,LabelStream,38
unknown_order,D:\A. NEUROSCIENCE\CSL LAB Project I\Data\1\Casual EEG Recordings\Casual EEG Recordings\#5 17.03.25-24.03.25\01_170325_2219_CookingEating.xdf,2,Data,UnicornStream,715296
unknown_order,D:\A. NEUROSCIENCE\CSL LAB Project I\Data\1\Casual EEG Recordings\Casual EEG Recordings\#5 17.03.25-24.03.25\01_170325_2219_CookingEating.xdf,3,Audio,AudioStream,219772
unknown_order,D:\A. NEUROSCIENCE\CSL LAB Project I\Data\1\Casual EEG Recordings\Casual EEG Recordings\#5 17.03.25-24.03.25\01_180325_0827_CookingEating.xdf,0,Markers,n-back,26
unknown_order,D:\A. NEUROSCIENCE\CSL LAB Project I\Data\1\Casual EEG Recordings\Casual EEG Recordings\#5 17.03.25-24.03.25\01_180325_0827_CookingEating.xdf,1,Labels,LabelStream,78
unknown_order,D:\A. NEUROSCIENCE\CSL LAB Project I\Data\1\Casual EEG Recordings\Casual EEG Recordings\#5 17.03.25-24.03.25\01_180325_0827_CookingEating.xdf,2,Data,UnicornStream,1209404
unknown_order,D:\A. NEUROSCIENCE\CSL LAB Project I\Data\1\Casual EEG Recordings\Casual EEG Recordings\#5 17.03.25-24.03.25\01_180325_0827_CookingEating.xdf,3,Audio,AudioStream,371464
unknown_order,D:\A. NEUROSCIENCE\CSL LAB Project I\Data\1\Casual EEG Recordings\Casual EEG Recordings\#5 17.03.25-24.03.25\01_200325_2110_WalkBankStore.xdf,0,Markers,n-back,26
unknown_order,D:\A. NEUROSCIENCE\CSL LAB Project I\Data\1\Casual EEG Recordings\Casual EEG Recordings\#5 17.03.25-24.03.25\01_200325_2110_WalkBankStore.xdf,1,Labels,LabelStream,25
unknown_order,D:\A. NEUROSCIENCE\CSL LAB Project I\Data\1\Casual EEG Recordings\Casual EEG Recordings\#5 17.03.25-24.03.25\01_200325_2110_WalkBankStore.xdf,2,Data,UnicornStream,789478
unknown_order,D:\A. NEUROSCIENCE\CSL LAB Project I\Data\1\Casual EEG Recordings\Casual EEG Recordings\#5 17.03.25-24.03.25\01_200325_2110_WalkBankStore.xdf,3,Audio,AudioStream,242464
unknown_order,D:\A. NEUROSCIENCE\CSL LAB Project I\Data\1\Casual EEG Recordings\Casual EEG Recordings\#5 17.03.25-24.03.25\01_210325_2013_ReadingWatching.xdf,0,Markers,n-back,26
unknown_order,D:\A. NEUROSCIENCE\CSL LAB Project I\Data\1\Casual EEG Recordings\Casual EEG Recordings\#5 17.03.25-24.03.25\01_210325_2013_ReadingWatching.xdf,1,Labels,LabelStream,21
unknown_order,D:\A. NEUROSCIENCE\CSL LAB Project I\Data\1\Casual EEG Recordings\Casual EEG Recordings\#5 17.03.25-24.03.25\01_210325_2013_ReadingWatching.xdf,2,Data,UnicornStream,1241269
unknown_order,D:\A. NEUROSCIENCE\CSL LAB Project I\Data\1\Casual EEG Recordings\Casual EEG Recordings\#5 17.03.25-24.03.25\01_210325_2013_ReadingWatching.xdf,3,Audio,AudioStream,381540
unknown_order,D:\A. NEUROSCIENCE\CSL LAB Project I\Data\1\Casual EEG Recordings\Casual EEG Recordings\#5 17.03.25-24.03.25\01_220325_1909_Cooking.xdf,0,Markers,n-back,26
unknown_order,D:\A. NEUROSCIENCE\CSL LAB Project I\Data\1\Casual EEG Recordings\Casual EEG Recordings\#5 17.03.25-24.03.25\01_220325_1909_Cooking.xdf,1,Labels,LabelStream,43
unknown_order,D:\A. NEUROSCIENCE\CSL LAB Project I\Data\1\Casual EEG Recordings\Casual EEG Recordings\#5 17.03.25-24.03.25\01_220325_1909_Cooking.xdf,2,Data,UnicornStream,860214
unknown_order,D:\A. NEUROSCIENCE\CSL LAB Project I\Data\1\Casual EEG Recordings\Casual EEG Recordings\#5 17.03.25-24.03.25\01_220325_1909_Cooking.xdf,3,Audio,AudioStream,264232
unknown_order,D:\A. NEUROSCIENCE\CSL LAB Project I\Data\1\Casual EEG Recordings\Casual EEG Recordings\#5 17.03.25-24.03.25\01_230325_2212_Gaming.xdf,0,Markers,n-back,26
unknown_order,D:\A. NEUROSCIENCE\CSL LAB Project I\Data\1\Casual EEG Recordings\Casual EEG Recordings\#5 17.03.25-24.03.25\01_230325_2212_Gaming.xdf,1,Labels,LabelStream,45
unknown_order,D:\A. NEUROSCIENCE\CSL LAB Project I\Data\1\Casual EEG Recordings\Casual EEG Recordings\#5 17.03.25-24.03.25\01_230325_2212_Gaming.xdf,2,Data,UnicornStream,1050310
unknown_order,D:\A. NEUROSCIENCE\CSL LAB Project I\Data\1\Casual EEG Recordings\Casual EEG Recordings\#5 17.03.25-24.03.25\01_230325_2212_Gaming.xdf,3,Audio,AudioStream,322772
unknown_order,D:\A. NEUROSCIENCE\CSL LAB Project I\Data\1\Casual EEG Recordings\Casual EEG Recordings\#6 24.03.25-30.03.25\01_240325_2104_WalkBankStore.xdf,0,Data,UnicornStream,850716
unknown_order,D:\A. NEUROSCIENCE\CSL LAB Project I\Data\1\Casual EEG Recordings\Casual EEG Recordings\#6 24.03.25-30.03.25\01_240325_2104_WalkBankStore.xdf,1,Labels,LabelStream,22
unknown_order,D:\A. NEUROSCIENCE\CSL LAB Project I\Data\1\Casual EEG Recordings\Casual EEG Recordings\#6 24.03.25-30.03.25\01_240325_2104_WalkBankStore.xdf,2,Markers,n-back,26
unknown_order,D:\A. NEUROSCIENCE\CSL LAB Project I\Data\1\Casual EEG Recordings\Casual EEG Recordings\#6 24.03.25-30.03.25\01_240325_2104_WalkBankStore.xdf,3,Audio,AudioStream,261886
unknown_order,D:\A. NEUROSCIENCE\CSL LAB Project I\Data\1\gme_2425_data+code\sub-P001_jannik\ses-S001\eeg\sub-P001_ses-S001_task-Default_run-001_eeg.xdf,0,Audio,MicDecibels,68390
unknown_order,D:\A. NEUROSCIENCE\CSL LAB Project I\Data\1\gme_2425_data+code\sub-P001_jannik\ses-S001\eeg\sub-P001_ses-S001_task-Default_run-001_eeg.xdf,1,markers,nBack_markers,1489
unknown_order,D:\A. NEUROSCIENCE\CSL LAB Project I\Data\1\gme_2425_data+code\sub-P001_jannik\ses-S001\eeg\sub-P001_ses-S001_task-Default_run-001_eeg.xdf,2,Data,Unicorn,397344
unknown_order,D:\A. NEUROSCIENCE\CSL LAB Project I\Data\1\gme_2425_data+code\sub-P001_jannik\ses-S002\eeg\sub-P001_ses-S002_task-Default_run-001_eeg.xdf,0,markers,nBack_markers,1491
unknown_order,D:\A. NEUROSCIENCE\CSL LAB Project I\Data\1\gme_2425_data+code\sub-P001_jannik\ses-S002\eeg\sub-P001_ses-S002_task-Default_run-001_eeg.xdf,1,Audio,MicDecibels,0
unknown_order,D:\A. NEUROSCIENCE\CSL LAB Project I\Data\1\gme_2425_data+code\sub-P001_jannik\ses-S002\eeg\sub-P001_ses-S002_task-Default_run-001_eeg.xdf,2,Audio,MicDecibels,0
unknown_order,D:\A. NEUROSCIENCE\CSL LAB Project I\Data\1\gme_2425_data+code\sub-P001_jannik\ses-S002\eeg\sub-P001_ses-S002_task-Default_run-001_eeg.xdf,3,Data,Unicorn,375578
unknown_order,D:\A. NEUROSCIENCE\CSL LAB Project I\Data\1\gme_2425_data+code\sub-P002_Moritz\ses-S001\eeg\sub-P002_ses-S001_task-Default_run-001_eeg.xdf,,ERROR,unpack requires a buffer of 8 bytes,
unknown_order,D:\A. NEUROSCIENCE\CSL LAB Project I\Data\1\gme_2425_data+code\sub-P002_Moritz\ses-S002\eeg\sub-P002_ses-S002_task-Default_run-001_eeg.xdf,0,markers,nBack_markers,1498
unknown_order,D:\A. NEUROSCIENCE\CSL LAB Project I\Data\1\gme_2425_data+code\sub-P002_Moritz\ses-S002\eeg\sub-P002_ses-S002_task-Default_run-001_eeg.xdf,1,Audio,MicDecibels,71878
unknown_order,D:\A. NEUROSCIENCE\CSL LAB Project I\Data\1\gme_2425_data+code\sub-P002_Moritz\ses-S002\eeg\sub-P002_ses-S002_task-Default_run-001_eeg.xdf,2,Data,Unicorn,411615
unknown_order,D:\A. NEUROSCIENCE\CSL LAB Project I\Data\1\gme_2425_data+code\sub-P003_Abdullah\ses-S001\eeg\sub-P003_ses-S001_task-Default_run-001_eeg.xdf,0,Data,Unicorn,0
unknown_order,D:\A. NEUROSCIENCE\CSL LAB Project I\Data\1\gme_2425_data+code\sub-P003_Abdullah\ses-S001\eeg\sub-P003_ses-S001_task-Default_run-001_eeg.xdf,1,Audio,MicDecibels,0
unknown_order,D:\A. NEUROSCIENCE\CSL LAB Project I\Data\1\gme_2425_data+code\sub-P003_Abdullah\ses-S001\eeg\sub-P003_ses-S001_task-Default_run-001_eeg.xdf,2,markers,nBack_markers,1692
unknown_order,D:\A. NEUROSCIENCE\CSL LAB Project I\Data\1\gme_2425_data+code\sub-P003_Abdullah\ses-S002\eeg\sub-P003_Abdullah_ses-S002_task-Default_run-001_eeg.xdf,0,Data,Unicorn,391118
unknown_order,D:\A. NEUROSCIENCE\CSL LAB Project I\Data\1\gme_2425_data+code\sub-P003_Abdullah\ses-S002\eeg\sub-P003_Abdullah_ses-S002_task-Default_run-001_eeg.xdf,1,Audio,MicDecibels,67356
unknown_order,D:\A. NEUROSCIENCE\CSL LAB Project I\Data\1\gme_2425_data+code\sub-P003_Abdullah\ses-S002\eeg\sub-P003_Abdullah_ses-S002_task-Default_run-001_eeg.xdf,2,markers,nBack_markers,1507
unknown_order,D:\A. NEUROSCIENCE\CSL LAB Project I\Data\1\gme_2425_data+code\sub-P004_Anita\ses-S002\eeg\sub-P004_ses-S002_task-Default_run-001_eeg.xdf,0,Audio,MicDecibels,63114
unknown_order,D:\A. NEUROSCIENCE\CSL LAB Project I\Data\1\gme_2425_data+code\sub-P004_Anita\ses-S002\eeg\sub-P004_ses-S002_task-Default_run-001_eeg.xdf,1,markers,nBack_markers,1501
unknown_order,D:\A. NEUROSCIENCE\CSL LAB Project I\Data\1\gme_2425_data+code\sub-P004_Anita\ses-S002\eeg\sub-P004_ses-S002_task-Default_run-001_eeg.xdf,2,Data,Unicorn,366812
unknown_order,D:\A. NEUROSCIENCE\CSL LAB Project I\Data\1\gme_2425_data+code\sub-P004_Anita\sub-P004\ses-S001\eeg\sub-P004_ses-S001_task-Default_run-001_eeg.xdf,0,Audio,MicDecibels,67164
unknown_order,D:\A. NEUROSCIENCE\CSL LAB Project I\Data\1\gme_2425_data+code\sub-P004_Anita\sub-P004\ses-S001\eeg\sub-P004_ses-S001_task-Default_run-001_eeg.xdf,1,Data,Unicorn,390264
unknown_order,D:\A. NEUROSCIENCE\CSL LAB Project I\Data\1\gme_2425_data+code\sub-P004_Anita\sub-P004\ses-S001\eeg\sub-P004_ses-S001_task-Default_run-001_eeg.xdf,2,markers,nBack_markers,1508
unknown_order,D:\A. NEUROSCIENCE\CSL LAB Project I\Data\1\gme_2425_data+code\sub-P005_Lotta\sub-P005\ses-S001\eeg\sub-P005_ses-S001_task-Default_run-001_eeg.xdf,0,markers,nBack_markers,1586
unknown_order,D:\A. NEUROSCIENCE\CSL LAB Project I\Data\1\gme_2425_data+code\sub-P005_Lotta\sub-P005\ses-S001\eeg\sub-P005_ses-S001_task-Default_run-001_eeg.xdf,1,Audio,MicDecibels,72180
unknown_order,D:\A. NEUROSCIENCE\CSL LAB Project I\Data\1\gme_2425_data+code\sub-P005_Lotta\sub-P005\ses-S001\eeg\sub-P005_ses-S001_task-Default_run-001_eeg.xdf,2,Data,Unicorn,412338
unknown_order,D:\A. NEUROSCIENCE\CSL LAB Project I\Data\1\gme_2425_data+code\sub-P005_Lotta\sub-P005\ses-S002\eeg\sub-P005_ses-S002_task-Default_run-001_eeg.xdf,0,Audio,MicDecibels,64514
unknown_order,D:\A. NEUROSCIENCE\CSL LAB Project I\Data\1\gme_2425_data+code\sub-P005_Lotta\sub-P005\ses-S002\eeg\sub-P005_ses-S002_task-Default_run-001_eeg.xdf,1,Data,Unicorn,374701
unknown_order,D:\A. NEUROSCIENCE\CSL LAB Project I\Data\1\gme_2425_data+code\sub-P005_Lotta\sub-P005\ses-S002\eeg\sub-P005_ses-S002_task-Default_run-001_eeg.xdf,2,markers,nBack_markers,1500
unknown_order,D:\A. NEUROSCIENCE\CSL LAB Project I\Data\1\gme_2425_data+code\sub-P006_Julian\sub-P006\ses-S001\eeg\sub-P006_ses-S001_task-Default_run-001_eeg.xdf,0,Audio,MicDecibels,69252
unknown_order,D:\A. NEUROSCIENCE\CSL LAB Project I\Data\1\gme_2425_data+code\sub-P006_Julian\sub-P006\ses-S001\eeg\sub-P006_ses-S001_task-Default_run-001_eeg.xdf,1,markers,nBack_markers,1497
unknown_order,D:\A. NEUROSCIENCE\CSL LAB Project I\Data\1\gme_2425_data+code\sub-P006_Julian\sub-P006\ses-S001\eeg\sub-P006_ses-S001_task-Default_run-001_eeg.xdf,2,Data,Unicorn,402123
unknown_order,D:\A. NEUROSCIENCE\CSL LAB Project I\Data\1\gme_2425_data+code\sub-P006_Julian\sub-P006\ses-S002\eeg\sub-P006_ses-S002_task-Default_run-001_eeg.xdf,0,Audio,MicDecibels,66086
unknown_order,D:\A. NEUROSCIENCE\CSL LAB Project I\Data\1\gme_2425_data+code\sub-P006_Julian\sub-P006\ses-S002\eeg\sub-P006_ses-S002_task-Default_run-001_eeg.xdf,1,Data,Unicorn,383862
unknown_order,D:\A. NEUROSCIENCE\CSL LAB Project I\Data\1\gme_2425_data+code\sub-P006_Julian\sub-P006\ses-S002\eeg\sub-P006_ses-S002_task-Default_run-001_eeg.xdf,2,markers,nBack_markers,1500
unknown_order,D:\A. NEUROSCIENCE\CSL LAB Project I\Data\1\gme_2425_data+code\sub-P007_julia\sub-P007\ses-S001\eeg\sub-P007_ses-S001_task-Default_run-001_eeg.xdf,0,Audio,MicDecibels,66152
unknown_order,D:\A. NEUROSCIENCE\CSL LAB Project I\Data\1\gme_2425_data+code\sub-P007_julia\sub-P007\ses-S001\eeg\sub-P007_ses-S001_task-Default_run-001_eeg.xdf,1,markers,nBack_markers,1494
unknown_order,D:\A. NEUROSCIENCE\CSL LAB Project I\Data\1\gme_2425_data+code\sub-P007_julia\sub-P007\ses-S001\eeg\sub-P007_ses-S001_task-Default_run-001_eeg.xdf,2,Data,Unicorn,384402
unknown_order,D:\A. NEUROSCIENCE\CSL LAB Project I\Data\1\gme_2425_data+code\sub-P007_julia\sub-P007\ses-S002\eeg\sub-P007_ses-S002_task-Default_run-001_eeg.xdf,0,Data,Unicorn,403286
unknown_order,D:\A. NEUROSCIENCE\CSL LAB Project I\Data\1\gme_2425_data+code\sub-P007_julia\sub-P007\ses-S002\eeg\sub-P007_ses-S002_task-Default_run-001_eeg.xdf,1,markers,nBack_markers,1499
unknown_order,D:\A. NEUROSCIENCE\CSL LAB Project I\Data\1\gme_2425_data+code\sub-P007_julia\sub-P007\ses-S002\eeg\sub-P007_ses-S002_task-Default_run-001_eeg.xdf,2,Audio,MicDecibels,69381
unknown_order,D:\A. NEUROSCIENCE\CSL LAB Project I\Data\1\gme_2425_data+code\sub-P008_Aliaa\sub-P008\ses-S001\eeg\sub-P008_ses-S001_task-Default_run-001_eeg.xdf,0,Audio,MicDecibels,74118
unknown_order,D:\A. NEUROSCIENCE\CSL LAB Project I\Data\1\gme_2425_data+code\sub-P008_Aliaa\sub-P008\ses-S001\eeg\sub-P008_ses-S001_task-Default_run-001_eeg.xdf,1,Data,Unicorn,430499
unknown_order,D:\A. NEUROSCIENCE\CSL LAB Project I\Data\1\gme_2425_data+code\sub-P008_Aliaa\sub-P008\ses-S001\eeg\sub-P008_ses-S001_task-Default_run-001_eeg.xdf,2,markers,nBack_markers,1685
unknown_order,D:\A. NEUROSCIENCE\CSL LAB Project I\Data\1\gme_2425_data+code\sub-P008_Aliaa\sub-P008\ses-S002\eeg\sub-P008_ses-S002_task-Default_run-001_eeg.xdf,0,Audio,MicDecibels,67550
unknown_order,D:\A. NEUROSCIENCE\CSL LAB Project I\Data\1\gme_2425_data+code\sub-P008_Aliaa\sub-P008\ses-S002\eeg\sub-P008_ses-S002_task-Default_run-001_eeg.xdf,1,Data,Unicorn,392328
unknown_order,D:\A. NEUROSCIENCE\CSL LAB Project I\Data\1\gme_2425_data+code\sub-P008_Aliaa\sub-P008\ses-S002\eeg\sub-P008_ses-S002_task-Default_run-001_eeg.xdf,2,markers,nBack_markers,1507
unknown_order,D:\A. NEUROSCIENCE\CSL LAB Project I\Data\1\gme_2425_data+code\sub-P009_Jurin\ses-S001\eeg\sub-P009_ses-S001_task-Default_run-001_eeg.xdf,0,Audio,MicDecibels,85100
unknown_order,D:\A. NEUROSCIENCE\CSL LAB Project I\Data\1\gme_2425_data+code\sub-P009_Jurin\ses-S001\eeg\sub-P009_ses-S001_task-Default_run-001_eeg.xdf,1,Data,Unicorn,491059
unknown_order,D:\A. NEUROSCIENCE\CSL LAB Project I\Data\1\gme_2425_data+code\sub-P009_Jurin\ses-S001\eeg\sub-P009_ses-S001_task-Default_run-001_eeg.xdf,2,markers,nBack_markers,1772
unknown_order,D:\A. NEUROSCIENCE\CSL LAB Project I\Data\1\gme_2425_data+code\sub-P009_Jurin\ses-S002\eeg\sub-P009_Jurin_ses-S002_task-Default_run-001_eeg.xdf,0,Audio,MicDecibels,70026
unknown_order,D:\A. NEUROSCIENCE\CSL LAB Project I\Data\1\gme_2425_data+code\sub-P009_Jurin\ses-S002\eeg\sub-P009_Jurin_ses-S002_task-Default_run-001_eeg.xdf,1,markers,nBack_markers,1502
unknown_order,D:\A. NEUROSCIENCE\CSL LAB Project I\Data\1\gme_2425_data+code\sub-P009_Jurin\ses-S002\eeg\sub-P009_Jurin_ses-S002_task-Default_run-001_eeg.xdf,2,Audio,MicDecibels,0
unknown_order,D:\A. NEUROSCIENCE\CSL LAB Project I\Data\1\gme_2425_data+code\sub-P009_Jurin\ses-S002\eeg\sub-P009_Jurin_ses-S002_task-Default_run-001_eeg.xdf,3,Audio,MicDecibels,0
unknown_order,D:\A. NEUROSCIENCE\CSL LAB Project I\Data\1\gme_2425_data+code\sub-P009_Jurin\ses-S002\eeg\sub-P009_Jurin_ses-S002_task-Default_run-001_eeg.xdf,4,Data,Unicorn,0
unknown_order,D:\A. NEUROSCIENCE\CSL LAB Project I\Data\1\gme_2425_data+code\sub-P009_Jurin\ses-S002\eeg\sub-P009_Jurin_ses-S002_task-Default_run-001_eeg.xdf,5,Data,Unicorn,406715
unknown_order,D:\A. NEUROSCIENCE\CSL LAB Project I\Data\1\gme_2425_data+code\sub-P010_Nils\ses-S001\eeg\sub-P008_ses-S001_task-Default_run-001_eeg.xdf,0,Data,Unicorn,408995
unknown_order,D:\A. NEUROSCIENCE\CSL LAB Project I\Data\1\gme_2425_data+code\sub-P010_Nils\ses-S001\eeg\sub-P008_ses-S001_task-Default_run-001_eeg.xdf,1,markers,nBack_markers,1576
unknown_order,D:\A. NEUROSCIENCE\CSL LAB Project I\Data\1\gme_2425_data+code\sub-P010_Nils\ses-S001\eeg\sub-P008_ses-S001_task-Default_run-001_eeg.xdf,2,Audio,MicDecibels,70436
unknown_order,D:\A. NEUROSCIENCE\CSL LAB Project I\Data\1\gme_2425_data+code\sub-P010_Nils\ses-S002\eeg\sub-P010_ses-S002_task-Default_run-001_eeg.xdf,0,Audio,MicDecibels,65936
unknown_order,D:\A. NEUROSCIENCE\CSL LAB Project I\Data\1\gme_2425_data+code\sub-P010_Nils\ses-S002\eeg\sub-P010_ses-S002_task-Default_run-001_eeg.xdf,1,markers,nBack_markers,1482
unknown_order,D:\A. NEUROSCIENCE\CSL LAB Project I\Data\1\gme_2425_data+code\sub-P010_Nils\ses-S002\eeg\sub-P010_ses-S002_task-Default_run-001_eeg.xdf,2,Data,Unicorn,383152
unknown_order,D:\A. NEUROSCIENCE\CSL LAB Project I\Data\1\gme_2425_data+code\sub-P011_Rami\sub-P011\ses-S001\eeg\sub-P011_ses-S001_task-Default_run-001_eeg.xdf,0,Data,Unicorn,601595
unknown_order,D:\A. NEUROSCIENCE\CSL LAB Project I\Data\1\gme_2425_data+code\sub-P011_Rami\sub-P011\ses-S001\eeg\sub-P011_ses-S001_task-Default_run-001_eeg.xdf,1,Audio,MicDecibels,103596
unknown_order,D:\A. NEUROSCIENCE\CSL LAB Project I\Data\1\gme_2425_data+code\sub-P011_Rami\sub-P011\ses-S001\eeg\sub-P011_ses-S001_task-Default_run-001_eeg.xdf,2,markers,nBack_markers,1767
unknown_order,D:\A. NEUROSCIENCE\CSL LAB Project I\Data\1\gme_2425_data+code\sub-P011_Rami\sub-P011\ses-S002\eeg\sub-P011_ses-S002_task-Default_run-001_eeg.xdf,0,markers,nBack_markers,1491
unknown_order,D:\A. NEUROSCIENCE\CSL LAB Project I\Data\1\gme_2425_data+code\sub-P011_Rami\sub-P011\ses-S002\eeg\sub-P011_ses-S002_task-Default_run-001_eeg.xdf,1,Audio,MicDecibels,0
unknown_order,D:\A. NEUROSCIENCE\CSL LAB Project I\Data\1\gme_2425_data+code\sub-P011_Rami\sub-P011\ses-S002\eeg\sub-P011_ses-S002_task-Default_run-001_eeg.xdf,2,Audio,MicDecibels,0
unknown_order,D:\A. NEUROSCIENCE\CSL LAB Project I\Data\1\gme_2425_data+code\sub-P011_Rami\sub-P011\ses-S002\eeg\sub-P011_ses-S002_task-Default_run-001_eeg.xdf,3,Data,Unicorn,0
unknown_order,D:\A. NEUROSCIENCE\CSL LAB Project I\Data\1\gme_2425_data+code\sub-P011_Rami\sub-P011\ses-S002\eeg\sub-P011_ses-S002_task-Default_run-001_eeg.xdf,4,Data,Unicorn,377658
unknown_order,D:\A. NEUROSCIENCE\CSL LAB Project I\Data\1\gme_2425_data+code\sub-P012_Jonas\ses-S001\eeg\sub-P012_ses-S001_task-Default_run-001_eeg.xdf,0,markers,nBack_markers,1491
unknown_order,D:\A. NEUROSCIENCE\CSL LAB Project I\Data\1\gme_2425_data+code\sub-P012_Jonas\ses-S001\eeg\sub-P012_ses-S001_task-Default_run-001_eeg.xdf,1,Audio,MicDecibels,66280
unknown_order,D:\A. NEUROSCIENCE\CSL LAB Project I\Data\1\gme_2425_data+code\sub-P012_Jonas\ses-S001\eeg\sub-P012_ses-S001_task-Default_run-001_eeg.xdf,2,Data,Unicorn,385126
unknown_order,D:\A. NEUROSCIENCE\CSL LAB Project I\Data\1\gme_2425_data+code\sub-P012_Jonas\ses-S002\eeg\sub-P001_ses-S002_task-Default_run-001_eeg.xdf,0,Data,Unicorn,406085
unknown_order,D:\A. NEUROSCIENCE\CSL LAB Project I\Data\1\gme_2425_data+code\sub-P012_Jonas\ses-S002\eeg\sub-P001_ses-S002_task-Default_run-001_eeg.xdf,1,Audio,MicDecibels,65934
unknown_order,D:\A. NEUROSCIENCE\CSL LAB Project I\Data\1\gme_2425_data+code\sub-P012_Jonas\ses-S002\eeg\sub-P001_ses-S002_task-Default_run-001_eeg.xdf,2,markers,nBack_markers,1498
unknown_order,D:\A. NEUROSCIENCE\CSL LAB Project I\Data\1\gme_2425_data+code\sub-P013_Jassim\ses-S001\eeg\sub-P013_ses-S001_task-Default_run-001_eeg.xdf,0,markers,nBack_markers,1445
unknown_order,D:\A. NEUROSCIENCE\CSL LAB Project I\Data\1\gme_2425_data+code\sub-P013_Jassim\ses-S001\eeg\sub-P013_ses-S001_task-Default_run-001_eeg.xdf,1,Audio,MicDecibels,74098
unknown_order,D:\A. NEUROSCIENCE\CSL LAB Project I\Data\1\gme_2425_data+code\sub-P013_Jassim\ses-S001\eeg\sub-P013_ses-S001_task-Default_run-001_eeg.xdf,2,Data,Unicorn,430343
unknown_order,D:\A. NEUROSCIENCE\CSL LAB Project I\Data\1\gme_2425_data+code\sub-P013_Jassim\ses-S002\eeg\sub-P013_ses-S002_task-Default_run-001_eeg_old1.xdf,0,markers,nBack_markers,1459
unknown_order,D:\A. NEUROSCIENCE\CSL LAB Project I\Data\1\gme_2425_data+code\sub-P013_Jassim\ses-S002\eeg\sub-P013_ses-S002_task-Default_run-001_eeg_old1.xdf,1,Audio,MicDecibels,71058
unknown_order,D:\A. NEUROSCIENCE\CSL LAB Project I\Data\1\gme_2425_data+code\sub-P013_Jassim\ses-S002\eeg\sub-P013_ses-S002_task-Default_run-001_eeg_old1.xdf,2,Data,Unicorn,490309
unknown_order,D:\A. NEUROSCIENCE\CSL LAB Project I\Data\1\gme_2425_data+code\sub-P013_Jassim\ses-S002\eeg\sub-P013_ses-S002_task-Default_run-001_eeg_old1.xdf,3,Data,Unicorn,0
unknown_order,D:\A. NEUROSCIENCE\CSL LAB Project I\Data\1\gme_2425_data+code\sub-P014_cihan\ses-S001\eeg\sub-P014_cihan_ses-S001_task-Default_run-001_eeg.xdf,0,markers,nBack_markers,1503
unknown_order,D:\A. NEUROSCIENCE\CSL LAB Project I\Data\1\gme_2425_data+code\sub-P014_cihan\ses-S001\eeg\sub-P014_cihan_ses-S001_task-Default_run-001_eeg.xdf,1,Data,Unicorn,409734
unknown_order,D:\A. NEUROSCIENCE\CSL LAB Project I\Data\1\gme_2425_data+code\sub-P014_cihan\ses-S001\eeg\sub-P014_cihan_ses-S001_task-Default_run-001_eeg.xdf,2,Audio,MicDecibels,98506
unknown_order,D:\A. NEUROSCIENCE\CSL LAB Project I\Data\1\gme_2425_data+code\sub-P014_cihan\ses-S002\eeg\sub-P014_cihan_ses-S002_task-Default_run-001_eeg.xdf,0,Audio,MicDecibels,67442
unknown_order,D:\A. NEUROSCIENCE\CSL LAB Project I\Data\1\gme_2425_data+code\sub-P014_cihan\ses-S002\eeg\sub-P014_cihan_ses-S002_task-Default_run-001_eeg.xdf,1,markers,nBack_markers,1506
unknown_order,D:\A. NEUROSCIENCE\CSL LAB Project I\Data\1\gme_2425_data+code\sub-P014_cihan\ses-S002\eeg\sub-P014_cihan_ses-S002_task-Default_run-001_eeg.xdf,2,Data,Unicorn,0
unknown_order,D:\A. NEUROSCIENCE\CSL LAB Project I\Data\1\gme_2425_data+code\sub-P014_cihan\ses-S002\eeg\sub-P014_cihan_ses-S002_task-Default_run-001_eeg.xdf,3,Data,Unicorn,391865
unknown_order,D:\A. NEUROSCIENCE\CSL LAB Project I\Data\1\gme_2425_data+code\sub-P015_Julius\sub-P015\ses-S001\eeg\sub-P015_ses-S001_task-Default_run-001_eeg_old1.xdf,0,Data,Unicorn,554151
unknown_order,D:\A. NEUROSCIENCE\CSL LAB Project I\Data\1\gme_2425_data+code\sub-P015_Julius\sub-P015\ses-S001\eeg\sub-P015_ses-S001_task-Default_run-001_eeg_old1.xdf,1,Audio,MicDecibels,95436
unknown_order,D:\A. NEUROSCIENCE\CSL LAB Project I\Data\1\gme_2425_data+code\sub-P015_Julius\sub-P015\ses-S001\eeg\sub-P015_ses-S001_task-Default_run-001_eeg_old1.xdf,2,markers,nBack_markers,1772
unknown_order,D:\A. NEUROSCIENCE\CSL LAB Project I\Data\1\gme_2425_data+code\sub-P015_Julius\sub-P015\ses-S002\eeg\sub-P015_ses-S002_task-Default_run-001_eeg.xdf,0,Audio,MicDecibels,0
unknown_order,D:\A. NEUROSCIENCE\CSL LAB Project I\Data\1\gme_2425_data+code\sub-P015_Julius\sub-P015\ses-S002\eeg\sub-P015_ses-S002_task-Default_run-001_eeg.xdf,1,markers,nBack_markers,1495
unknown_order,D:\A. NEUROSCIENCE\CSL LAB Project I\Data\1\gme_2425_data+code\sub-P015_Julius\sub-P015\ses-S002\eeg\sub-P015_ses-S002_task-Default_run-001_eeg.xdf,2,Data,Unicorn,397401
unknown_order,D:\A. NEUROSCIENCE\CSL LAB Project I\Data\1\gme_2425_data+code\sub-P015_Julius\sub-P015\ses-S002\eeg\sub-P015_ses-S002_task-Default_run-001_eeg.xdf,3,Data,Unicorn,0
unknown_order,D:\A. NEUROSCIENCE\CSL LAB Project I\Data\1\gme_2425_data+code\sub-P016\ses-S001\eeg\sub-P016_ses-S001_task-Default_run-001_eeg.xdf,0,Audio,MicDecibels,68972
unknown_order,D:\A. NEUROSCIENCE\CSL LAB Project I\Data\1\gme_2425_data+code\sub-P016\ses-S001\eeg\sub-P016_ses-S001_task-Default_run-001_eeg.xdf,1,markers,nBack_markers,1578
unknown_order,D:\A. NEUROSCIENCE\CSL LAB Project I\Data\1\gme_2425_data+code\sub-P016\ses-S001\eeg\sub-P016_ses-S001_task-Default_run-001_eeg.xdf,2,Data,Unicorn,400752
unknown_order,D:\A. NEUROSCIENCE\CSL LAB Project I\Data\1\gme_2425_data+code\sub-P016\ses-S002\eeg\sub-P016_ses-S002_task-Default_run-001_eeg.xdf,0,Data,Unicorn,381715
unknown_order,D:\A. NEUROSCIENCE\CSL LAB Project I\Data\1\gme_2425_data+code\sub-P016\ses-S002\eeg\sub-P016_ses-S002_task-Default_run-001_eeg.xdf,1,markers,nBack_markers,1473
unknown_order,D:\A. NEUROSCIENCE\CSL LAB Project I\Data\1\gme_2425_data+code\sub-P016\ses-S002\eeg\sub-P016_ses-S002_task-Default_run-001_eeg.xdf,2,Audio,MicDecibels,65370
unknown_order,D:\A. NEUROSCIENCE\CSL LAB Project I\Data\1\gme_2425_data+code\sub-P016\ses-S002\eeg\sub-P016_ses-S002_task-Default_run-001_eeg.xdf,3,Data,Unicorn,0
unknown_order,D:\A. NEUROSCIENCE\CSL LAB Project I\Data\1\gme_2425_data+code\sub-P016\ses-S002\eeg\sub-P016_ses-S002_task-Default_run-001_eeg.xdf,4,Audio,MicDecibels,0
unknown_order,D:\A. NEUROSCIENCE\CSL LAB Project I\Data\1\XDF files-N-back test-Bahar\XDF files-N-back test-Bahar\sub-P10_ses-S10_task-Default_run-001_eeg.xdf,0,Data,Unicorn,215967
unknown_order,D:\A. NEUROSCIENCE\CSL LAB Project I\Data\1\XDF files-N-back test-Bahar\XDF files-N-back test-Bahar\sub-P10_ses-S10_task-Default_run-001_eeg.xdf,1,Markers,n-back,42
unknown_order,D:\A. NEUROSCIENCE\CSL LAB Project I\Data\1\XDF files-N-back test-Bahar\XDF files-N-back test-Bahar\sub-P10_ses-S10_task-Default_run-001_eeg.xdf,2,Data,env_sound,36603000
unknown_order,D:\A. NEUROSCIENCE\CSL LAB Project I\Data\1\XDF files-N-back test-Bahar\XDF files-N-back test-Bahar\sub-P1_ses-S1_task-Default_run-001_eeg.xdf,0,Data,Unicorn,217511
unknown_order,D:\A. NEUROSCIENCE\CSL LAB Project I\Data\1\XDF files-N-back test-Bahar\XDF files-N-back test-Bahar\sub-P1_ses-S1_task-Default_run-001_eeg.xdf,1,Markers,n-back,42
unknown_order,D:\A. NEUROSCIENCE\CSL LAB Project I\Data\1\XDF files-N-back test-Bahar\XDF files-N-back test-Bahar\sub-P1_ses-S1_task-Default_run-001_eeg.xdf,2,Data,env_sound,36558900
unknown_order,D:\A. NEUROSCIENCE\CSL LAB Project I\Data\1\XDF files-N-back test-Bahar\XDF files-N-back test-Bahar\sub-P2_ses-S2_task-Default_run-001_eeg.xdf,0,Data,Unicorn,235394
unknown_order,D:\A. NEUROSCIENCE\CSL LAB Project I\Data\1\XDF files-N-back test-Bahar\XDF files-N-back test-Bahar\sub-P2_ses-S2_task-Default_run-001_eeg.xdf,1,Markers,n-back,42
unknown_order,D:\A. NEUROSCIENCE\CSL LAB Project I\Data\1\XDF files-N-back test-Bahar\XDF files-N-back test-Bahar\sub-P2_ses-S2_task-Default_run-001_eeg.xdf,2,Data,env_sound,36603000
unknown_order,D:\A. NEUROSCIENCE\CSL LAB Project I\Data\1\XDF files-N-back test-Bahar\XDF files-N-back test-Bahar\sub-P3_ses-S3_task-Default_run-001_eeg.xdf,0,Data,Unicorn,244327
unknown_order,D:\A. NEUROSCIENCE\CSL LAB Project I\Data\1\XDF files-N-back test-Bahar\XDF files-N-back test-Bahar\sub-P3_ses-S3_task-Default_run-001_eeg.xdf,1,Markers,n-back,42
unknown_order,D:\A. NEUROSCIENCE\CSL LAB Project I\Data\1\XDF files-N-back test-Bahar\XDF files-N-back test-Bahar\sub-P3_ses-S3_task-Default_run-001_eeg.xdf,2,Data,env_sound,36558900
unknown_order,D:\A. NEUROSCIENCE\CSL LAB Project I\Data\1\XDF files-N-back test-Bahar\XDF files-N-back test-Bahar\sub-P4_ses-S4_task-Default_run-001_eeg.xdf,0,Data,Unicorn,233255
unknown_order,D:\A. NEUROSCIENCE\CSL LAB Project I\Data\1\XDF files-N-back test-Bahar\XDF files-N-back test-Bahar\sub-P4_ses-S4_task-Default_run-001_eeg.xdf,1,Markers,n-back,42
unknown_order,D:\A. NEUROSCIENCE\CSL LAB Project I\Data\1\XDF files-N-back test-Bahar\XDF files-N-back test-Bahar\sub-P4_ses-S4_task-Default_run-001_eeg.xdf,2,Data,env_sound,36647100
unknown_order,D:\A. NEUROSCIENCE\CSL LAB Project I\Data\1\XDF files-N-back test-Bahar\XDF files-N-back test-Bahar\sub-P5_ses-S5_task-Default_run-001_eeg.xdf,0,Data,Unicorn,231769
unknown_order,D:\A. NEUROSCIENCE\CSL LAB Project I\Data\1\XDF files-N-back test-Bahar\XDF files-N-back test-Bahar\sub-P5_ses-S5_task-Default_run-001_eeg.xdf,1,Markers,n-back,42
unknown_order,D:\A. NEUROSCIENCE\CSL LAB Project I\Data\1\XDF files-N-back test-Bahar\XDF files-N-back test-Bahar\sub-P5_ses-S5_task-Default_run-001_eeg.xdf,2,Data,env_sound,36603000
unknown_order,D:\A. NEUROSCIENCE\CSL LAB Project I\Data\1\XDF files-N-back test-Bahar\XDF files-N-back test-Bahar\sub-P6_ses-S6_task-Default_run-001_eeg.xdf,0,Markers,n-back,42
unknown_order,D:\A. NEUROSCIENCE\CSL LAB Project I\Data\1\XDF files-N-back test-Bahar\XDF files-N-back test-Bahar\sub-P6_ses-S6_task-Default_run-001_eeg.xdf,1,Data,Unicorn,232545
unknown_order,D:\A. NEUROSCIENCE\CSL LAB Project I\Data\1\XDF files-N-back test-Bahar\XDF files-N-back test-Bahar\sub-P6_ses-S6_task-Default_run-001_eeg.xdf,2,Data,env_sound,36603000
unknown_order,D:\A. NEUROSCIENCE\CSL LAB Project I\Data\1\XDF files-N-back test-Bahar\XDF files-N-back test-Bahar\sub-P7_ses-S7_task-Default_run-001_eeg.xdf,0,Data,Unicorn,223251
unknown_order,D:\A. NEUROSCIENCE\CSL LAB Project I\Data\1\XDF files-N-back test-Bahar\XDF files-N-back test-Bahar\sub-P7_ses-S7_task-Default_run-001_eeg.xdf,1,Markers,n-back,42
unknown_order,D:\A. NEUROSCIENCE\CSL LAB Project I\Data\1\XDF files-N-back test-Bahar\XDF files-N-back test-Bahar\sub-P7_ses-S7_task-Default_run-001_eeg.xdf,2,Data,env_sound,36647100
unknown_order,D:\A. NEUROSCIENCE\CSL LAB Project I\Data\1\XDF files-N-back test-Bahar\XDF files-N-back test-Bahar\sub-P8_ses-S8_task-Default_run-001_eeg.xdf,0,Data,Unicorn,216628
unknown_order,D:\A. NEUROSCIENCE\CSL LAB Project I\Data\1\XDF files-N-back test-Bahar\XDF files-N-back test-Bahar\sub-P8_ses-S8_task-Default_run-001_eeg.xdf,1,Markers,n-back,42
unknown_order,D:\A. NEUROSCIENCE\CSL LAB Project I\Data\1\XDF files-N-back test-Bahar\XDF files-N-back test-Bahar\sub-P8_ses-S8_task-Default_run-001_eeg.xdf,2,Data,env_sound,36558900
unknown_order,D:\A. NEUROSCIENCE\CSL LAB Project I\Data\1\XDF files-N-back test-Bahar\XDF files-N-back test-Bahar\sub-P9_ses-S9_task-Default_run-001_eeg.xdf,0,Data,Unicorn,217985
unknown_order,D:\A. NEUROSCIENCE\CSL LAB Project I\Data\1\XDF files-N-back test-Bahar\XDF files-N-back test-Bahar\sub-P9_ses-S9_task-Default_run-001_eeg.xdf,1,Markers,n-back,42
unknown_order,D:\A. NEUROSCIENCE\CSL LAB Project I\Data\1\XDF files-N-back test-Bahar\XDF files-N-back test-Bahar\sub-P9_ses-S9_task-Default_run-001_eeg.xdf,2,Data,env_sound,36558900
unknown_order,D:\A. NEUROSCIENCE\CSL LAB Project I\Data\2\Jeusa\n-back\n-back-session001.xdf,0,Data,UnicornEEG,231470
unknown_order,D:\A. NEUROSCIENCE\CSL LAB Project I\Data\2\Jeusa\n-back\n-back-session001.xdf,1,Markers,n-back,26
unknown_order,D:\A. NEUROSCIENCE\CSL LAB Project I\Data\2\Jeusa\n-back\n-back-session002.xdf,0,Markers,n-back,26
unknown_order,D:\A. NEUROSCIENCE\CSL LAB Project I\Data\2\Jeusa\n-back\n-back-session002.xdf,1,Data,Unicorn,219804
unknown_order,D:\A. NEUROSCIENCE\CSL LAB Project I\Data\2\Jeusa\n-back\n-back-session003.xdf,0,Markers,n-back,26
unknown_order,D:\A. NEUROSCIENCE\CSL LAB Project I\Data\2\Jeusa\n-back\n-back-session003.xdf,1,Data,unicorn,219597
unknown_order,D:\A. NEUROSCIENCE\CSL LAB Project I\Data\2\Jeusa\n-back\n-back-session004.xdf,0,Markers,n-back,26
unknown_order,D:\A. NEUROSCIENCE\CSL LAB Project I\Data\2\Jeusa\n-back\n-back-session004.xdf,1,Data,unicorn,219165
unknown_order,D:\A. NEUROSCIENCE\CSL LAB Project I\Data\2\Yeliz\data\Jeusa\n-back\n-back-session001.xdf,0,Data,UnicornEEG,231470
unknown_order,D:\A. NEUROSCIENCE\CSL LAB Project I\Data\2\Yeliz\data\Jeusa\n-back\n-back-session001.xdf,1,Markers,n-back,26
unknown_order,D:\A. NEUROSCIENCE\CSL LAB Project I\Data\2\Yeliz\data\Jeusa\n-back\n-back-session002.xdf,0,Markers,n-back,26
unknown_order,D:\A. NEUROSCIENCE\CSL LAB Project I\Data\2\Yeliz\data\Jeusa\n-back\n-back-session002.xdf,1,Data,Unicorn,219804
unknown_order,D:\A. NEUROSCIENCE\CSL LAB Project I\Data\2\Yeliz\data\Jeusa\n-back\n-back-session003.xdf,0,Markers,n-back,26
unknown_order,D:\A. NEUROSCIENCE\CSL LAB Project I\Data\2\Yeliz\data\Jeusa\n-back\n-back-session003.xdf,1,Data,unicorn,219597
unknown_order,D:\A. NEUROSCIENCE\CSL LAB Project I\Data\2\Yeliz\data\Jeusa\n-back\n-back-session004.xdf,0,Markers,n-back,26
unknown_order,D:\A. NEUROSCIENCE\CSL LAB Project I\Data\2\Yeliz\data\Jeusa\n-back\n-back-session004.xdf,1,Data,unicorn,219165
unknown_order,D:\A. NEUROSCIENCE\CSL LAB Project I\Data\2\Yeliz\data\n-back\xdfs\session_2024-08-29_15-16-51.xdf,0,Markers,n-back,26
unknown_order,D:\A. NEUROSCIENCE\CSL LAB Project I\Data\2\Yeliz\data\n-back\xdfs\session_2024-08-29_15-16-51.xdf,1,EEG,UnicornEEG,215923
unknown_order,D:\A. NEUROSCIENCE\CSL LAB Project I\Data\2\Yeliz\data\n-back\xdfs\session_2024-08-30_14-43-32.xdf,0,Markers,n-back,26
unknown_order,D:\A. NEUROSCIENCE\CSL LAB Project I\Data\2\Yeliz\data\n-back\xdfs\session_2024-08-30_14-43-32.xdf,1,EEG,UnicornEEG,215717
unknown_order,D:\A. NEUROSCIENCE\CSL LAB Project I\Data\2\Yeliz\data\n-back\xdfs\session_2024-09-02_15-12-31.xdf,0,Markers,n-back,26
unknown_order,D:\A. NEUROSCIENCE\CSL LAB Project I\Data\2\Yeliz\data\n-back\xdfs\session_2024-09-02_15-12-31.xdf,1,EEG,UnicornEEG,214549
unknown_order,D:\A. NEUROSCIENCE\CSL LAB Project I\Data\2\Yeliz\data\n-back\xdfs\session_2024-09-03_10-17-01.xdf,0,Markers,n-back,26
unknown_order,D:\A. NEUROSCIENCE\CSL LAB Project I\Data\2\Yeliz\data\n-back\xdfs\session_2024-09-03_10-17-01.xdf,1,EEG,UnicornEEG,215483
unknown_order,D:\A. NEUROSCIENCE\CSL LAB Project I\Data\2\Yeliz\data\unlabeled\xdfs\session_2024-11-13_15-58.xdf,0,Frames,Video,111199
unknown_order,D:\A. NEUROSCIENCE\CSL LAB Project I\Data\2\Yeliz\data\unlabeled\xdfs\session_2024-11-13_15-58.xdf,1,Labels,Tasks,10
unknown_order,D:\A. NEUROSCIENCE\CSL LAB Project I\Data\2\Yeliz\data\unlabeled\xdfs\session_2024-11-13_15-58.xdf,2,EEG,UnicornEEG,928693
unknown_order,D:\A. NEUROSCIENCE\CSL LAB Project I\Data\2\Yeliz\data\unlabeled\xdfs\session_2024-11-21_15-28.xdf,0,Frames,Video,104569
unknown_order,D:\A. NEUROSCIENCE\CSL LAB Project I\Data\2\Yeliz\data\unlabeled\xdfs\session_2024-11-21_15-28.xdf,1,Labels,Tasks,14
unknown_order,D:\A. NEUROSCIENCE\CSL LAB Project I\Data\2\Yeliz\data\unlabeled\xdfs\session_2024-11-21_15-28.xdf,2,EEG,UnicornEEG,874131
unknown_order,D:\A. NEUROSCIENCE\CSL LAB Project I\Data\2\Yeliz\data\unlabeled\xdfs\session_2024-12-09_15-05.xdf,0,Frames,Video,137093
unknown_order,D:\A. NEUROSCIENCE\CSL LAB Project I\Data\2\Yeliz\data\unlabeled\xdfs\session_2024-12-09_15-05.xdf,1,Labels,Tasks,8
unknown_order,D:\A. NEUROSCIENCE\CSL LAB Project I\Data\2\Yeliz\data\unlabeled\xdfs\session_2024-12-09_15-05.xdf,2,EEG,UnicornEEG,1145334
unknown_order,D:\A. NEUROSCIENCE\CSL LAB Project I\Data\2\Yeliz\data\unlabeled\xdfs\session_2024-12-12_14-44.xdf,0,Frames,Video,93728
unknown_order,D:\A. NEUROSCIENCE\CSL LAB Project I\Data\2\Yeliz\data\unlabeled\xdfs\session_2024-12-12_14-44.xdf,1,EEG,UnicornEEG,782422
unknown_order,D:\A. NEUROSCIENCE\CSL LAB Project I\Data\2\Yeliz\data\unlabeled\xdfs\session_2024-12-12_14-44.xdf,2,Labels,Tasks,10
unknown_order,D:\A. NEUROSCIENCE\CSL LAB Project I\Data\2\Yeliz\data\unlabeled\xdfs\session_2024-12-20_15-07.xdf,0,Labels,Tasks,9
unknown_order,D:\A. NEUROSCIENCE\CSL LAB Project I\Data\2\Yeliz\data\unlabeled\xdfs\session_2024-12-20_15-07.xdf,1,Frames,Video,98969
unknown_order,D:\A. NEUROSCIENCE\CSL LAB Project I\Data\2\Yeliz\data\unlabeled\xdfs\session_2024-12-20_15-07.xdf,2,EEG,UnicornEEG,825889
unknown_order,D:\A. NEUROSCIENCE\CSL LAB Project I\Data\2\Yeliz\data\unlabeled\xdfs\session_2025-01-17_15-19.xdf,0,Labels,Tasks,9
unknown_order,D:\A. NEUROSCIENCE\CSL LAB Project I\Data\2\Yeliz\data\unlabeled\xdfs\session_2025-01-17_15-19.xdf,1,Frames,Video,107741
unknown_order,D:\A. NEUROSCIENCE\CSL LAB Project I\Data\2\Yeliz\data\unlabeled\xdfs\session_2025-01-17_15-19.xdf,2,EEG,UnicornEEG,899384
unknown_order,D:\A. NEUROSCIENCE\CSL LAB Project I\Data\2\Yeliz\data\unlabeled\xdfs\session_2025-01-20_14-40.xdf,0,Frames,Video,109275
unknown_order,D:\A. NEUROSCIENCE\CSL LAB Project I\Data\2\Yeliz\data\unlabeled\xdfs\session_2025-01-20_14-40.xdf,1,Labels,Tasks,12
unknown_order,D:\A. NEUROSCIENCE\CSL LAB Project I\Data\2\Yeliz\data\unlabeled\xdfs\session_2025-01-20_14-40.xdf,2,EEG,UnicornEEG,912345
unknown_order,D:\A. NEUROSCIENCE\CSL LAB Project I\Data\2\Yeliz\data\unlabeled\xdfs\session_2025-02-03_15-54.xdf,0,Frames,Video,117695
unknown_order,D:\A. NEUROSCIENCE\CSL LAB Project I\Data\2\Yeliz\data\unlabeled\xdfs\session_2025-02-03_15-54.xdf,1,Labels,Tasks,9
unknown_order,D:\A. NEUROSCIENCE\CSL LAB Project I\Data\2\Yeliz\data\unlabeled\xdfs\session_2025-02-03_15-54.xdf,2,EEG,UnicornEEG,982006
unknown_order,D:\A. NEUROSCIENCE\CSL LAB Project I\Data\2\Yeliz\data\unlabeled\xdfs\session_2025-02-05_17-15.xdf,0,Labels,Tasks,9
unknown_order,D:\A. NEUROSCIENCE\CSL LAB Project I\Data\2\Yeliz\data\unlabeled\xdfs\session_2025-02-05_17-15.xdf,1,Frames,Video,113892
unknown_order,D:\A. NEUROSCIENCE\CSL LAB Project I\Data\2\Yeliz\data\unlabeled\xdfs\session_2025-02-05_17-15.xdf,2,EEG,UnicornEEG,950294
unknown_order,D:\A. NEUROSCIENCE\CSL LAB Project I\Data\2\Yeliz\n-back\xdfs\session_2024-08-29_15-16-51.xdf,0,Markers,n-back,26
unknown_order,D:\A. NEUROSCIENCE\CSL LAB Project I\Data\2\Yeliz\n-back\xdfs\session_2024-08-29_15-16-51.xdf,1,EEG,UnicornEEG,215923
unknown_order,D:\A. NEUROSCIENCE\CSL LAB Project I\Data\2\Yeliz\n-back\xdfs\session_2024-08-30_14-43-32.xdf,0,Markers,n-back,26
unknown_order,D:\A. NEUROSCIENCE\CSL LAB Project I\Data\2\Yeliz\n-back\xdfs\session_2024-08-30_14-43-32.xdf,1,EEG,UnicornEEG,215717
unknown_order,D:\A. NEUROSCIENCE\CSL LAB Project I\Data\2\Yeliz\n-back\xdfs\session_2024-09-02_15-12-31.xdf,0,Markers,n-back,26
unknown_order,D:\A. NEUROSCIENCE\CSL LAB Project I\Data\2\Yeliz\n-back\xdfs\session_2024-09-02_15-12-31.xdf,1,EEG,UnicornEEG,214549
unknown_order,D:\A. NEUROSCIENCE\CSL LAB Project I\Data\2\Yeliz\n-back\xdfs\session_2024-09-03_10-17-01.xdf,0,Markers,n-back,26
unknown_order,D:\A. NEUROSCIENCE\CSL LAB Project I\Data\2\Yeliz\n-back\xdfs\session_2024-09-03_10-17-01.xdf,1,EEG,UnicornEEG,215483
unknown_order,D:\A. NEUROSCIENCE\CSL LAB Project I\Data\3\eeg_data\P01\eeg\sub-P01_eeg.xdf,0,Data,emb_sound,851
unknown_order,D:\A. NEUROSCIENCE\CSL LAB Project I\Data\3\eeg_data\P01\eeg\sub-P01_eeg.xdf,1,Markers,n-back,42
unknown_order,D:\A. NEUROSCIENCE\CSL LAB Project I\Data\3\eeg_data\P01\eeg\sub-P01_eeg.xdf,2,Data,Unicorn,236839
unknown_order,D:\A. NEUROSCIENCE\CSL LAB Project I\Data\3\eeg_data\P03\eeg\sub-P03_eeg.xdf,0,Markers,n-back,42
unknown_order,D:\A. NEUROSCIENCE\CSL LAB Project I\Data\3\eeg_data\P03\eeg\sub-P03_eeg.xdf,1,Data,emb_sound,850
unknown_order,D:\A. NEUROSCIENCE\CSL LAB Project I\Data\3\eeg_data\P03\eeg\sub-P03_eeg.xdf,2,Data,Unicorn,243698
unknown_order,D:\A. NEUROSCIENCE\CSL LAB Project I\Data\3\eeg_data\P06\eeg\sub-P06_eeg.xdf,0,Data,Unicorn,239143
unknown_order,D:\A. NEUROSCIENCE\CSL LAB Project I\Data\3\eeg_data\P06\eeg\sub-P06_eeg.xdf,1,Markers,n-back,42
unknown_order,D:\A. NEUROSCIENCE\CSL LAB Project I\Data\3\eeg_data\P06\eeg\sub-P06_eeg.xdf,2,Data,emb_sound,851
unknown_order,D:\A. NEUROSCIENCE\CSL LAB Project I\Data\3\eeg_data\P08\eeg\sub-P08_eeg.xdf,0,Data,emb_sound,851
unknown_order,D:\A. NEUROSCIENCE\CSL LAB Project I\Data\3\eeg_data\P08\eeg\sub-P08_eeg.xdf,1,Markers,n-back,43
unknown_order,D:\A. NEUROSCIENCE\CSL LAB Project I\Data\3\eeg_data\P08\eeg\sub-P08_eeg.xdf,2,Data,Unicorn,305232
unknown_order,D:\A. NEUROSCIENCE\CSL LAB Project I\Data\3\eeg_data\P10\eeg\sub-P10_eeg.xdf,0,Data,emb_sound,851
unknown_order,D:\A. NEUROSCIENCE\CSL LAB Project I\Data\3\eeg_data\P10\eeg\sub-P10_eeg.xdf,1,Markers,n-back,43
unknown_order,D:\A. NEUROSCIENCE\CSL LAB Project I\Data\3\eeg_data\P10\eeg\sub-P10_eeg.xdf,2,Data,Unicorn,241730
unknown_order,D:\A. NEUROSCIENCE\CSL LAB Project I\Data\3\WPI-LL\LabRecorder-selected_1\CSL_02_10.xdf,0,OBS frame numbers,OBS_CSL_Laptop,123133
unknown_order,D:\A. NEUROSCIENCE\CSL LAB Project I\Data\3\WPI-LL\LabRecorder-selected_1\CSL_02_10.xdf,1,EEG,Unicorn_CSL_Laptop,1027149
unknown_order,D:\A. NEUROSCIENCE\CSL LAB Project I\Data\3\WPI-LL\LabRecorder-selected_1\CSL_02_10.xdf,2,EEG,Unicorn_CSL_LabPC,1026328
unknown_order,D:\A. NEUROSCIENCE\CSL LAB Project I\Data\3\WPI-LL\LabRecorder-selected_1\CSL_02_10.xdf,3,OBS frame numbers,OBS_HCILab1,123127
unknown_order,D:\A. NEUROSCIENCE\CSL LAB Project I\Data\3\WPI-LL\LabRecorder-selected_1\CSL_02_10.xdf,4,EEG,Unicorn_HCILab1,1027164
unknown_order,D:\A. NEUROSCIENCE\CSL LAB Project I\Data\3\WPI-LL\LabRecorder-selected_1\HCILab1-Group2.xdf,0,EEG,Unicorn_HCILab1,1016551
unknown_order,D:\A. NEUROSCIENCE\CSL LAB Project I\Data\3\WPI-LL\LabRecorder-selected_1\HCILab1-Group2.xdf,1,OBS frame numbers,OBS_HCILab1,138839
unknown_order,D:\A. NEUROSCIENCE\CSL LAB Project I\Data\3\WPI-LL\LabRecorder-selected_1\HCILab1-Group2.xdf,2,EEG,Unicorn_HCILab2,995082
unknown_order,D:\A. NEUROSCIENCE\CSL LAB Project I\Data\3\WPI-LL\LabRecorder-selected_1\HCILab1-Group2.xdf,3,OBS frame numbers,OBS_HCILab2,81957
unknown_order,D:\A. NEUROSCIENCE\CSL LAB Project I\Data\3\WPI-LL\LabRecorder-selected_1\HCILab1-Group2.xdf,4,EEG,Unicorn_CSL_LabPC,1001948
unknown_order,D:\A. NEUROSCIENCE\CSL LAB Project I\Data\3\WPI-LL\LabRecorder-selected_1\HCILab1-Group2.xdf,5,OBS frame numbers,OBS_CSL_Laptop,135103
unknown_order,D:\A. NEUROSCIENCE\CSL LAB Project I\Data\3\WPI-LL\LabRecorder-selected_10\CSL_Laptop_Group10.xdf,0,OBS frame numbers,OBS_CSL_Laptop,116818
unknown_order,D:\A. NEUROSCIENCE\CSL LAB Project I\Data\3\WPI-LL\LabRecorder-selected_10\CSL_Laptop_Group10.xdf,1,EEG,Unicorn_CSL_Laptop,974580
unknown_order,D:\A. NEUROSCIENCE\CSL LAB Project I\Data\3\WPI-LL\LabRecorder-selected_10\CSL_Laptop_Group10.xdf,2,OBS frame numbers,OBS_CSL_LabPC,233638
unknown_order,D:\A. NEUROSCIENCE\CSL LAB Project I\Data\3\WPI-LL\LabRecorder-selected_10\CSL_Laptop_Group10.xdf,3,EEG,Unicorn_HCILab1,974686
unknown_order,D:\A. NEUROSCIENCE\CSL LAB Project I\Data\3\WPI-LL\LabRecorder-selected_10\HCILab1-Group10.xdf,0,EEG,Unicorn_HCILab1,1000643
unknown_order,D:\A. NEUROSCIENCE\CSL LAB Project I\Data\3\WPI-LL\LabRecorder-selected_10\HCILab1-Group10.xdf,1,OBS frame numbers,OBS_HCILab1,120073
unknown_order,D:\A. NEUROSCIENCE\CSL LAB Project I\Data\3\WPI-LL\LabRecorder-selected_10\HCILab1-Group10.xdf,2,OBS frame numbers,OBS_HCILab2,116312
unknown_order,D:\A. NEUROSCIENCE\CSL LAB Project I\Data\3\WPI-LL\LabRecorder-selected_10\HCILab1-Group10.xdf,3,EEG,Unicorn_HCILab2,201789
unknown_order,D:\A. NEUROSCIENCE\CSL LAB Project I\Data\3\WPI-LL\LabRecorder-selected_10\HCILab1-Group10.xdf,4,OBS frame numbers,OBS_CSL_Laptop,120067
unknown_order,D:\A. NEUROSCIENCE\CSL LAB Project I\Data\3\WPI-LL\LabRecorder-selected_11\CSL_Laptop_Group11.xdf,0,OBS frame numbers,OBS_CSL_Laptop,119203
unknown_order,D:\A. NEUROSCIENCE\CSL LAB Project I\Data\3\WPI-LL\LabRecorder-selected_11\CSL_Laptop_Group11.xdf,1,EEG,Unicorn_CSL_Laptop,994381
unknown_order,D:\A. NEUROSCIENCE\CSL LAB Project I\Data\3\WPI-LL\LabRecorder-selected_11\CSL_Laptop_Group11.xdf,2,EEG,Unicorn_HCILab2,951060
unknown_order,D:\A. NEUROSCIENCE\CSL LAB Project I\Data\3\WPI-LL\LabRecorder-selected_11\CSL_Laptop_Group11.xdf,3,EEG,Unicorn_HCILab1,994419
unknown_order,D:\A. NEUROSCIENCE\CSL LAB Project I\Data\3\WPI-LL\LabRecorder-selected_11\HCILab1-Group11.xdf,0,EEG,Unicorn_HCILab1,1053174
unknown_order,D:\A. NEUROSCIENCE\CSL LAB Project I\Data\3\WPI-LL\LabRecorder-selected_11\HCILab1-Group11.xdf,1,OBS frame numbers,OBS_HCILab1,126238
unknown_order,D:\A. NEUROSCIENCE\CSL LAB Project I\Data\3\WPI-LL\LabRecorder-selected_11\HCILab1-Group11.xdf,2,OBS frame numbers,OBS_HCILab2,106392
unknown_order,D:\A. NEUROSCIENCE\CSL LAB Project I\Data\3\WPI-LL\LabRecorder-selected_11\HCILab1-Group11.xdf,3,EEG,Unicorn_HCILab2,960785
unknown_order,D:\A. NEUROSCIENCE\CSL LAB Project I\Data\3\WPI-LL\LabRecorder-selected_11\HCILab1-Group11.xdf,4,OBS frame numbers,OBS_CSL_Laptop,126231
unknown_order,D:\A. NEUROSCIENCE\CSL LAB Project I\Data\3\WPI-LL\LabRecorder-selected_11\HCILab2-Group11.xdf,0,OBS frame numbers,OBS_HCILab2,103477
unknown_order,D:\A. NEUROSCIENCE\CSL LAB Project I\Data\3\WPI-LL\LabRecorder-selected_11\HCILab2-Group11.xdf,1,EEG,Unicorn_HCILab2,933176
unknown_order,D:\A. NEUROSCIENCE\CSL LAB Project I\Data\3\WPI-LL\LabRecorder-selected_11\HCILab2-Group11.xdf,2,EEG,Unicorn_HCILab1,976459
unknown_order,D:\A. NEUROSCIENCE\CSL LAB Project I\Data\3\WPI-LL\LabRecorder-selected_12\CSL_LabPC_group12.xdf,0,EEG,Unicorn_CSL_LabPC,0
unknown_order,D:\A. NEUROSCIENCE\CSL LAB Project I\Data\3\WPI-LL\LabRecorder-selected_12\CSL_LabPC_group12.xdf,1,OBS frame numbers,OBS_CSL_LabPC,230486
unknown_order,D:\A. NEUROSCIENCE\CSL LAB Project I\Data\3\WPI-LL\LabRecorder-selected_12\CSL_LabPC_group12.xdf,2,EEG,Unicorn_CSL_Laptop,961614
unknown_order,D:\A. NEUROSCIENCE\CSL LAB Project I\Data\3\WPI-LL\LabRecorder-selected_12\CSL_LabPC_group12.xdf,3,OBS frame numbers,OBS_CSL_Laptop,115241
unknown_order,D:\A. NEUROSCIENCE\CSL LAB Project I\Data\3\WPI-LL\LabRecorder-selected_12\CSL_LabPC_group12.xdf,4,EEG,Unicorn_HCILab2,888422
unknown_order,D:\A. NEUROSCIENCE\CSL LAB Project I\Data\3\WPI-LL\LabRecorder-selected_12\CSL_LabPC_group12.xdf,5,EEG,Unicorn_HCILab1,961549
unknown_order,D:\A. NEUROSCIENCE\CSL LAB Project I\Data\3\WPI-LL\LabRecorder-selected_12\CSL_Laptop_group12.xdf,0,OBS frame numbers,OBS_CSL_Laptop,116669
unknown_order,D:\A. NEUROSCIENCE\CSL LAB Project I\Data\3\WPI-LL\LabRecorder-selected_12\CSL_Laptop_group12.xdf,1,EEG,Unicorn_CSL_Laptop,973528
unknown_order,D:\A. NEUROSCIENCE\CSL LAB Project I\Data\3\WPI-LL\LabRecorder-selected_12\CSL_Laptop_group12.xdf,2,OBS frame numbers,OBS_CSL_LabPC,233340
unknown_order,D:\A. NEUROSCIENCE\CSL LAB Project I\Data\3\WPI-LL\LabRecorder-selected_12\CSL_Laptop_group12.xdf,3,EEG,Unicorn_CSL_LabPC,0
unknown_order,D:\A. NEUROSCIENCE\CSL LAB Project I\Data\3\WPI-LL\LabRecorder-selected_12\CSL_Laptop_group12.xdf,4,EEG,Unicorn_HCILab2,900039
unknown_order,D:\A. NEUROSCIENCE\CSL LAB Project I\Data\3\WPI-LL\LabRecorder-selected_12\CSL_Laptop_group12.xdf,5,OBS frame numbers,OBS_HCILab1,116664
unknown_order,D:\A. NEUROSCIENCE\CSL LAB Project I\Data\3\WPI-LL\LabRecorder-selected_12\CSL_Laptop_group12.xdf,6,EEG,Unicorn_HCILab1,973461
unknown_order,D:\A. NEUROSCIENCE\CSL LAB Project I\Data\3\WPI-LL\LabRecorder-selected_12\HCILab1-Group12.xdf,0,EEG,Unicorn_HCILab1,993656
unknown_order,D:\A. NEUROSCIENCE\CSL LAB Project I\Data\3\WPI-LL\LabRecorder-selected_12\HCILab1-Group12.xdf,1,OBS frame numbers,OBS_HCILab1,119083
unknown_order,D:\A. NEUROSCIENCE\CSL LAB Project I\Data\3\WPI-LL\LabRecorder-selected_12\HCILab1-Group12.xdf,2,EEG,Unicorn_HCILab2,919338
unknown_order,D:\A. NEUROSCIENCE\CSL LAB Project I\Data\3\WPI-LL\LabRecorder-selected_12\HCILab1-Group12.xdf,3,EEG,Unicorn_CSL_LabPC,0
unknown_order,D:\A. NEUROSCIENCE\CSL LAB Project I\Data\3\WPI-LL\LabRecorder-selected_12\HCILab2-Group12.xdf,0,OBS frame numbers,OBS_HCILab2,101235
unknown_order,D:\A. NEUROSCIENCE\CSL LAB Project I\Data\3\WPI-LL\LabRecorder-selected_12\HCILab2-Group12.xdf,1,EEG,Unicorn_HCILab2,964708
unknown_order,D:\A. NEUROSCIENCE\CSL LAB Project I\Data\3\WPI-LL\LabRecorder-selected_12\HCILab2-Group12.xdf,2,OBS frame numbers,OBS_HCILab1,123016
unknown_order,D:\A. NEUROSCIENCE\CSL LAB Project I\Data\3\WPI-LL\LabRecorder-selected_12\HCILab2-Group12.xdf,3,OBS frame numbers,OBS_CSL_LabPC,242324
unknown_order,D:\A. NEUROSCIENCE\CSL LAB Project I\Data\3\WPI-LL\LabRecorder-selected_12\HCILab2-Group12.xdf,4,EEG,Unicorn_CSL_LabPC,0
unknown_order,D:\A. NEUROSCIENCE\CSL LAB Project I\Data\3\WPI-LL\LabRecorder-selected_12\HCILab2-Group12.xdf,5,OBS frame numbers,OBS_CSL_Laptop,124820
unknown_order,D:\A. NEUROSCIENCE\CSL LAB Project I\Data\3\WPI-LL\LabRecorder-selected_2\CSL_08_10.xdf,0,OBS frame numbers,OBS_CSL_Laptop,122908
unknown_order,D:\A. NEUROSCIENCE\CSL LAB Project I\Data\3\WPI-LL\LabRecorder-selected_2\CSL_08_10.xdf,1,EEG,Unicorn_CSL_Laptop,1025374
unknown_order,D:\A. NEUROSCIENCE\CSL LAB Project I\Data\3\WPI-LL\LabRecorder-selected_2\CSL_08_10.xdf,2,EEG,Unicorn_CSL_LabPC,1024097
unknown_order,D:\A. NEUROSCIENCE\CSL LAB Project I\Data\3\WPI-LL\LabRecorder-selected_2\CSL_08_10.xdf,3,OBS frame numbers,OBS_CSL_LabPC,245819
unknown_order,D:\A. NEUROSCIENCE\CSL LAB Project I\Data\3\WPI-LL\LabRecorder-selected_2\CSL_08_10.xdf,4,OBS frame numbers,OBS_HCILab1,122903
unknown_order,D:\A. NEUROSCIENCE\CSL LAB Project I\Data\3\WPI-LL\LabRecorder-selected_2\CSL_08_10.xdf,5,EEG,Unicorn_HCILab1,1024285
unknown_order,D:\A. NEUROSCIENCE\CSL LAB Project I\Data\3\WPI-LL\LabRecorder-selected_2\CSL_08_10.xdf,6,EEG,Unicorn_HCILab2,1002458
unknown_order,D:\A. NEUROSCIENCE\CSL LAB Project I\Data\3\WPI-LL\LabRecorder-selected_2\CSL_08_10.xdf,7,OBS frame numbers,OBS_HCILab2,64844
unknown_order,D:\A. NEUROSCIENCE\CSL LAB Project I\Data\3\WPI-LL\LabRecorder-selected_2\HCILab1-Group3.xdf,0,OBS frame numbers,OBS_HCILab1,129238
unknown_order,D:\A. NEUROSCIENCE\CSL LAB Project I\Data\3\WPI-LL\LabRecorder-selected_2\HCILab1-Group3.xdf,1,EEG,Unicorn_HCILab1,1077105
unknown_order,D:\A. NEUROSCIENCE\CSL LAB Project I\Data\3\WPI-LL\LabRecorder-selected_2\HCILab1-Group3.xdf,2,EEG,Unicorn_HCILab2,1016073
unknown_order,D:\A. NEUROSCIENCE\CSL LAB Project I\Data\3\WPI-LL\LabRecorder-selected_2\HCILab1-Group3.xdf,3,OBS frame numbers,OBS_HCILab2,66925
unknown_order,D:\A. NEUROSCIENCE\CSL LAB Project I\Data\3\WPI-LL\LabRecorder-selected_2\HCILab1-Group3.xdf,4,EEG,Unicorn_CSL_LabPC,1052029
unknown_order,D:\A. NEUROSCIENCE\CSL LAB Project I\Data\3\WPI-LL\LabRecorder-selected_2\HCILab1-Group3.xdf,5,OBS frame numbers,OBS_CSL_LabPC,258465
unknown_order,D:\A. NEUROSCIENCE\CSL LAB Project I\Data\3\WPI-LL\LabRecorder-selected_2\HCILab1-Group3.xdf,6,OBS frame numbers,OBS_CSL_Laptop,129231
unknown_order,D:\A. NEUROSCIENCE\CSL LAB Project I\Data\3\WPI-LL\LabRecorder-selected_3\CSL_01_10.xdf,0,OBS frame numbers,OBS_CSL_Laptop,119338
unknown_order,D:\A. NEUROSCIENCE\CSL LAB Project I\Data\3\WPI-LL\LabRecorder-selected_3\CSL_01_10.xdf,1,EEG,Unicorn_CSL_Laptop,995227
unknown_order,D:\A. NEUROSCIENCE\CSL LAB Project I\Data\3\WPI-LL\LabRecorder-selected_3\CSL_01_10.xdf,2,EEG,Unicorn_CSL_LabPC,992670
unknown_order,D:\A. NEUROSCIENCE\CSL LAB Project I\Data\3\WPI-LL\LabRecorder-selected_3\CSL_01_10.xdf,3,OBS frame numbers,OBS_CSL_LabPC,7868
unknown_order,D:\A. NEUROSCIENCE\CSL LAB Project I\Data\3\WPI-LL\LabRecorder-selected_3\CSL_01_10.xdf,4,OBS frame numbers,OBS_HCILab2,60141
unknown_order,D:\A. NEUROSCIENCE\CSL LAB Project I\Data\3\WPI-LL\LabRecorder-selected_3\CSL_01_10.xdf,5,EEG,Unicorn_HCILab1,995460
unknown_order,D:\A. NEUROSCIENCE\CSL LAB Project I\Data\3\WPI-LL\LabRecorder-selected_3\HCILab1-Group1.xdf,0,OBS frame numbers,OBS_HCILab1,120921
unknown_order,D:\A. NEUROSCIENCE\CSL LAB Project I\Data\3\WPI-LL\LabRecorder-selected_3\HCILab1-Group1.xdf,1,EEG,Unicorn_HCILab1,1009144
unknown_order,D:\A. NEUROSCIENCE\CSL LAB Project I\Data\3\WPI-LL\LabRecorder-selected_3\HCILab1-Group1.xdf,2,OBS frame numbers,OBS_HCILab2,61069
unknown_order,D:\A. NEUROSCIENCE\CSL LAB Project I\Data\3\WPI-LL\LabRecorder-selected_3\HCILab1-Group1.xdf,3,EEG,Unicorn_HCILab2,857742
unknown_order,D:\A. NEUROSCIENCE\CSL LAB Project I\Data\3\WPI-LL\LabRecorder-selected_3\HCILab1-Group1.xdf,4,EEG,Unicorn_CSL_LabPC,985886
unknown_order,D:\A. NEUROSCIENCE\CSL LAB Project I\Data\3\WPI-LL\LabRecorder-selected_3\HCILab1-Group1.xdf,5,OBS frame numbers,OBS_CSL_Laptop,120966
unknown_order,D:\A. NEUROSCIENCE\CSL LAB Project I\Data\3\WPI-LL\LabRecorder-selected_4\CSL_Laptop_1010.xdf,0,EEG,Unicorn_CSL_Laptop,1003675
unknown_order,D:\A. NEUROSCIENCE\CSL LAB Project I\Data\3\WPI-LL\LabRecorder-selected_4\CSL_Laptop_1010.xdf,1,OBS frame numbers,OBS_CSL_Laptop,120387
unknown_order,D:\A. NEUROSCIENCE\CSL LAB Project I\Data\3\WPI-LL\LabRecorder-selected_4\CSL_Laptop_1010.xdf,2,OBS frame numbers,OBS_CSL_LabPC,240778
unknown_order,D:\A. NEUROSCIENCE\CSL LAB Project I\Data\3\WPI-LL\LabRecorder-selected_4\CSL_Laptop_1010.xdf,3,EEG,Unicorn_CSL_LabPC,1004248
unknown_order,D:\A. NEUROSCIENCE\CSL LAB Project I\Data\3\WPI-LL\LabRecorder-selected_4\CSL_Laptop_1010.xdf,4,OBS frame numbers,OBS_HCILab1,116389
unknown_order,D:\A. NEUROSCIENCE\CSL LAB Project I\Data\3\WPI-LL\LabRecorder-selected_4\CSL_Laptop_1010.xdf,5,EEG,Unicorn_HCILab1,966806
unknown_order,D:\A. NEUROSCIENCE\CSL LAB Project I\Data\3\WPI-LL\LabRecorder-selected_4\HCILab1-Group4.xdf,0,EEG,Unicorn_HCILab1,1038687
unknown_order,D:\A. NEUROSCIENCE\CSL LAB Project I\Data\3\WPI-LL\LabRecorder-selected_4\HCILab1-Group4.xdf,1,OBS frame numbers,OBS_HCILab1,125008
unknown_order,D:\A. NEUROSCIENCE\CSL LAB Project I\Data\3\WPI-LL\LabRecorder-selected_4\HCILab1-Group4.xdf,2,EEG,Unicorn_HCILab2,891323
unknown_order,D:\A. NEUROSCIENCE\CSL LAB Project I\Data\3\WPI-LL\LabRecorder-selected_4\HCILab1-Group4.xdf,3,OBS frame numbers,OBS_HCILab2,67134
unknown_order,D:\A. NEUROSCIENCE\CSL LAB Project I\Data\3\WPI-LL\LabRecorder-selected_4\HCILab1-Group4.xdf,4,EEG,Unicorn_CSL_LabPC,1024897
unknown_order,D:\A. NEUROSCIENCE\CSL LAB Project I\Data\3\WPI-LL\LabRecorder-selected_4\HCILab1-Group4.xdf,5,OBS frame numbers,OBS_CSL_Laptop,114510
unknown_order,D:\A. NEUROSCIENCE\CSL LAB Project I\Data\3\WPI-LL\LabRecorder-selected_5\CSL_Laptop_0111.xdf,0,OBS frame numbers,OBS_CSL_Laptop,117118
unknown_order,D:\A. NEUROSCIENCE\CSL LAB Project I\Data\3\WPI-LL\LabRecorder-selected_5\CSL_Laptop_0111.xdf,1,EEG,Unicorn_CSL_Laptop,977014
unknown_order,D:\A. NEUROSCIENCE\CSL LAB Project I\Data\3\WPI-LL\LabRecorder-selected_5\CSL_Laptop_0111.xdf,2,OBS frame numbers,OBS_CSL_LabPC,41715
unknown_order,D:\A. NEUROSCIENCE\CSL LAB Project I\Data\3\WPI-LL\LabRecorder-selected_5\CSL_Laptop_0111.xdf,3,EEG,Unicorn_HCILab1,977164
unknown_order,D:\A. NEUROSCIENCE\CSL LAB Project I\Data\3\WPI-LL\LabRecorder-selected_5\HCILab1-Group5.xdf,0,EEG,Unicorn_HCILab1,983723
unknown_order,D:\A. NEUROSCIENCE\CSL LAB Project I\Data\3\WPI-LL\LabRecorder-selected_5\HCILab1-Group5.xdf,1,OBS frame numbers,OBS_HCILab1,117898
unknown_order,D:\A. NEUROSCIENCE\CSL LAB Project I\Data\3\WPI-LL\LabRecorder-selected_5\HCILab1-Group5.xdf,2,OBS frame numbers,OBS_HCILab2,69373
unknown_order,D:\A. NEUROSCIENCE\CSL LAB Project I\Data\3\WPI-LL\LabRecorder-selected_5\HCILab1-Group5.xdf,3,EEG,Unicorn_HCILab2,926038
unknown_order,D:\A. NEUROSCIENCE\CSL LAB Project I\Data\3\WPI-LL\LabRecorder-selected_5\HCILab1-Group5.xdf,4,OBS frame numbers,OBS_CSL_Laptop,117891
unknown_order,D:\A. NEUROSCIENCE\CSL LAB Project I\Data\3\WPI-LL\LabRecorder-selected_6\CSL_LabPC_0811.xdf,0,OBS frame numbers,OBS_CSL_LabPC,241375
unknown_order,D:\A. NEUROSCIENCE\CSL LAB Project I\Data\3\WPI-LL\LabRecorder-selected_6\CSL_LabPC_0811.xdf,1,EEG,Unicorn_CSL_LabPC,998320
unknown_order,D:\A. NEUROSCIENCE\CSL LAB Project I\Data\3\WPI-LL\LabRecorder-selected_6\CSL_LabPC_0811.xdf,2,EEG,Unicorn_CSL_Laptop,1006768
unknown_order,D:\A. NEUROSCIENCE\CSL LAB Project I\Data\3\WPI-LL\LabRecorder-selected_6\CSL_LabPC_0811.xdf,3,OBS frame numbers,OBS_CSL_Laptop,120687
unknown_order,D:\A. NEUROSCIENCE\CSL LAB Project I\Data\3\WPI-LL\LabRecorder-selected_6\CSL_LabPC_0811.xdf,4,EEG,Unicorn_HCILab1,335063
unknown_order,D:\A. NEUROSCIENCE\CSL LAB Project I\Data\3\WPI-LL\LabRecorder-selected_6\CSL_Laptop_0811.xdf,0,OBS frame numbers,OBS_CSL_Laptop,122429
unknown_order,D:\A. NEUROSCIENCE\CSL LAB Project I\Data\3\WPI-LL\LabRecorder-selected_6\CSL_Laptop_0811.xdf,1,EEG,Unicorn_CSL_Laptop,1021297
unknown_order,D:\A. NEUROSCIENCE\CSL LAB Project I\Data\3\WPI-LL\LabRecorder-selected_6\CSL_Laptop_0811.xdf,2,EEG,Unicorn_CSL_LabPC,1012844
unknown_order,D:\A. NEUROSCIENCE\CSL LAB Project I\Data\3\WPI-LL\LabRecorder-selected_6\CSL_Laptop_0811.xdf,3,OBS frame numbers,OBS_CSL_LabPC,244858
unknown_order,D:\A. NEUROSCIENCE\CSL LAB Project I\Data\3\WPI-LL\LabRecorder-selected_6\CSL_Laptop_0811.xdf,4,EEG,Unicorn_HCILab2,697542
unknown_order,D:\A. NEUROSCIENCE\CSL LAB Project I\Data\3\WPI-LL\LabRecorder-selected_6\CSL_Laptop_0811.xdf,5,OBS frame numbers,OBS_HCILab2,62607
unknown_order,D:\A. NEUROSCIENCE\CSL LAB Project I\Data\3\WPI-LL\LabRecorder-selected_6\CSL_Laptop_0811.xdf,6,OBS frame numbers,OBS_HCILab1,41309
unknown_order,D:\A. NEUROSCIENCE\CSL LAB Project I\Data\3\WPI-LL\LabRecorder-selected_6\CSL_Laptop_0811.xdf,7,EEG,Unicorn_HCILab1,344169
unknown_order,D:\A. NEUROSCIENCE\CSL LAB Project I\Data\3\WPI-LL\LabRecorder-selected_7\CSL_LabPC_1511.xdf,0,OBS frame numbers,OBS_CSL_LabPC,196231
unknown_order,D:\A. NEUROSCIENCE\CSL LAB Project I\Data\3\WPI-LL\LabRecorder-selected_7\CSL_LabPC_1511.xdf,1,EEG,Unicorn_CSL_LabPC,0
unknown_order,D:\A. NEUROSCIENCE\CSL LAB Project I\Data\3\WPI-LL\LabRecorder-selected_7\CSL_LabPC_1511.xdf,2,EEG,Unicorn_CSL_Laptop,818370
unknown_order,D:\A. NEUROSCIENCE\CSL LAB Project I\Data\3\WPI-LL\LabRecorder-selected_7\CSL_LabPC_1511.xdf,3,OBS frame numbers,OBS_CSL_Laptop,98115
unknown_order,D:\A. NEUROSCIENCE\CSL LAB Project I\Data\3\WPI-LL\LabRecorder-selected_7\CSL_Laptop_1511.xdf,0,OBS frame numbers,OBS_CSL_Laptop,97876
unknown_order,D:\A. NEUROSCIENCE\CSL LAB Project I\Data\3\WPI-LL\LabRecorder-selected_7\CSL_Laptop_1511.xdf,1,EEG,Unicorn_CSL_Laptop,816368
unknown_order,D:\A. NEUROSCIENCE\CSL LAB Project I\Data\3\WPI-LL\LabRecorder-selected_7\CSL_Laptop_1511.xdf,2,EEG,Unicorn_CSL_LabPC,0
unknown_order,D:\A. NEUROSCIENCE\CSL LAB Project I\Data\3\WPI-LL\LabRecorder-selected_7\CSL_Laptop_1511.xdf,3,OBS frame numbers,OBS_CSL_LabPC,195752
unknown_order,D:\A. NEUROSCIENCE\CSL LAB Project I\Data\3\WPI-LL\LabRecorder-selected_7\HCILab1-Group7.xdf,0,EEG,Unicorn_HCILab1,807802
unknown_order,D:\A. NEUROSCIENCE\CSL LAB Project I\Data\3\WPI-LL\LabRecorder-selected_7\HCILab1-Group7.xdf,1,OBS frame numbers,OBS_HCILab1,96991
unknown_order,D:\A. NEUROSCIENCE\CSL LAB Project I\Data\3\WPI-LL\LabRecorder-selected_7\HCILab2-Group7.xdf,0,OBS frame numbers,OBS_HCILab2,81645
unknown_order,D:\A. NEUROSCIENCE\CSL LAB Project I\Data\3\WPI-LL\LabRecorder-selected_7\HCILab2-Group7.xdf,1,EEG,Unicorn_HCILab2,763718
unknown_order,D:\A. NEUROSCIENCE\CSL LAB Project I\Data\3\WPI-LL\LabRecorder-selected_7\HCILab2-Group7.xdf,2,EEG,Unicorn_CSL_LabPC,0
unknown_order,D:\A. NEUROSCIENCE\CSL LAB Project I\Data\3\WPI-LL\LabRecorder-selected_8\CSL_LabPC_1811.xdf,0,OBS frame numbers,OBS_CSL_LabPC,231835
unknown_order,D:\A. NEUROSCIENCE\CSL LAB Project I\Data\3\WPI-LL\LabRecorder-selected_8\CSL_LabPC_1811.xdf,1,EEG,Unicorn_CSL_LabPC,966372
unknown_order,D:\A. NEUROSCIENCE\CSL LAB Project I\Data\3\WPI-LL\LabRecorder-selected_8\CSL_LabPC_1811.xdf,2,OBS frame numbers,OBS_CSL_Laptop,115917
unknown_order,D:\A. NEUROSCIENCE\CSL LAB Project I\Data\3\WPI-LL\LabRecorder-selected_8\CSL_LabPC_1811.xdf,3,EEG,Unicorn_CSL_Laptop,966972
unknown_order,D:\A. NEUROSCIENCE\CSL LAB Project I\Data\3\WPI-LL\LabRecorder-selected_8\CSL_LabPC_1811.xdf,4,OBS frame numbers,OBS_HCILab1,9649
unknown_order,D:\A. NEUROSCIENCE\CSL LAB Project I\Data\3\WPI-LL\LabRecorder-selected_8\CSL_LabPC_1811.xdf,5,EEG,Unicorn_HCILab1,7742
unknown_order,D:\A. NEUROSCIENCE\CSL LAB Project I\Data\3\WPI-LL\LabRecorder-selected_8\CSL_Laptop_1811.xdf,0,OBS frame numbers,OBS_CSL_Laptop,116803
unknown_order,D:\A. NEUROSCIENCE\CSL LAB Project I\Data\3\WPI-LL\LabRecorder-selected_8\CSL_Laptop_1811.xdf,1,EEG,Unicorn_CSL_Laptop,974360
unknown_order,D:\A. NEUROSCIENCE\CSL LAB Project I\Data\3\WPI-LL\LabRecorder-selected_8\CSL_Laptop_1811.xdf,2,OBS frame numbers,OBS_CSL_LabPC,233606
unknown_order,D:\A. NEUROSCIENCE\CSL LAB Project I\Data\3\WPI-LL\LabRecorder-selected_8\CSL_Laptop_1811.xdf,3,EEG,Unicorn_CSL_LabPC,973758
unknown_order,D:\A. NEUROSCIENCE\CSL LAB Project I\Data\3\WPI-LL\LabRecorder-selected_8\CSL_Laptop_1811.xdf,4,OBS frame numbers,OBS_HCILab1,116797
unknown_order,D:\A. NEUROSCIENCE\CSL LAB Project I\Data\3\WPI-LL\LabRecorder-selected_8\CSL_Laptop_1811.xdf,5,EEG,Unicorn_HCILab1,973406
unknown_order,D:\A. NEUROSCIENCE\CSL LAB Project I\Data\3\WPI-LL\LabRecorder-selected_8\HCILab1-Group8.xdf,0,EEG,Unicorn_HCILab1,977210
unknown_order,D:\A. NEUROSCIENCE\CSL LAB Project I\Data\3\WPI-LL\LabRecorder-selected_8\HCILab1-Group8.xdf,1,OBS frame numbers,OBS_HCILab1,117254
unknown_order,D:\A. NEUROSCIENCE\CSL LAB Project I\Data\3\WPI-LL\LabRecorder-selected_8\HCILab1-Group8.xdf,2,OBS frame numbers,OBS_HCILab2,102865
unknown_order,D:\A. NEUROSCIENCE\CSL LAB Project I\Data\3\WPI-LL\LabRecorder-selected_8\HCILab1-Group8.xdf,3,EEG,Unicorn_HCILab2,975743
unknown_order,D:\A. NEUROSCIENCE\CSL LAB Project I\Data\3\WPI-LL\LabRecorder-selected_8\HCILab1-Group8.xdf,4,EEG,Unicorn_CSL_LabPC,5578
unknown_order,D:\A. NEUROSCIENCE\CSL LAB Project I\Data\3\WPI-LL\LabRecorder-selected_8\HCILab1-Group8.xdf,5,OBS frame numbers,OBS_CSL_Laptop,117247
unknown_order,D:\A. NEUROSCIENCE\CSL LAB Project I\Data\3\WPI-LL\LabRecorder-selected_9\CSL_Laptop_1312.xdf,0,EEG,Unicorn_CSL_Laptop,964412
unknown_order,D:\A. NEUROSCIENCE\CSL LAB Project I\Data\3\WPI-LL\LabRecorder-selected_9\CSL_Laptop_1312.xdf,1,OBS frame numbers,OBS_CSL_Laptop,115588
unknown_order,D:\A. NEUROSCIENCE\CSL LAB Project I\Data\3\WPI-LL\LabRecorder-selected_9\CSL_Laptop_1312.xdf,2,OBS frame numbers,OBS_HCILab1,115581
unknown_order,D:\A. NEUROSCIENCE\CSL LAB Project I\Data\3\WPI-LL\LabRecorder-selected_9\CSL_Laptop_1312.xdf,3,EEG,Unicorn_HCILab1,961016
unknown_order,D:\A. NEUROSCIENCE\CSL LAB Project I\Data\3\WPI-LL\LabRecorder-selected_9\HCILab1-Group9.xdf,0,EEG,Unicorn_HCILab1,961607
unknown_order,D:\A. NEUROSCIENCE\CSL LAB Project I\Data\3\WPI-LL\LabRecorder-selected_9\HCILab1-Group9.xdf,1,OBS frame numbers,OBS_HCILab1,115647
unknown_order,D:\A. NEUROSCIENCE\CSL LAB Project I\Data\3\WPI-LL\LabRecorder-selected_9\HCILab1-Group9.xdf,2,EEG,Unicorn_HCILab2,947133
unknown_order,D:\A. NEUROSCIENCE\CSL LAB Project I\Data\3\WPI-LL\LabRecorder-selected_9\HCILab1-Group9.xdf,3,OBS frame numbers,OBS_HCILab2,110211
unknown_order,D:\A. NEUROSCIENCE\CSL LAB Project I\Data\3\WPI-LL\LabRecorder-selected_9\HCILab1-Group9.xdf,4,OBS frame numbers,OBS_CSL_Laptop,115641
unknown_order,D:\A. NEUROSCIENCE\CSL LAB Project I\Data\4\EEG-Audio-Context\eeg_data\P01\eeg\sub-P01_eeg.xdf,0,Data,emb_sound,851
unknown_order,D:\A. NEUROSCIENCE\CSL LAB Project I\Data\4\EEG-Audio-Context\eeg_data\P01\eeg\sub-P01_eeg.xdf,1,Markers,n-back,42
unknown_order,D:\A. NEUROSCIENCE\CSL LAB Project I\Data\4\EEG-Audio-Context\eeg_data\P01\eeg\sub-P01_eeg.xdf,2,Data,Unicorn,236839
unknown_order,D:\A. NEUROSCIENCE\CSL LAB Project I\Data\4\EEG-Audio-Context\eeg_data\P02\eeg\sub-P02_eeg.xdf,0,Markers,n-back,42
unknown_order,D:\A. NEUROSCIENCE\CSL LAB Project I\Data\4\EEG-Audio-Context\eeg_data\P02\eeg\sub-P02_eeg.xdf,1,Data,emb_sound,850
unknown_order,D:\A. NEUROSCIENCE\CSL LAB Project I\Data\4\EEG-Audio-Context\eeg_data\P02\eeg\sub-P02_eeg.xdf,2,Data,Unicorn,237736
unknown_order,D:\A. NEUROSCIENCE\CSL LAB Project I\Data\4\EEG-Audio-Context\eeg_data\P03\eeg\sub-P03_eeg.xdf,0,Markers,n-back,42
unknown_order,D:\A. NEUROSCIENCE\CSL LAB Project I\Data\4\EEG-Audio-Context\eeg_data\P03\eeg\sub-P03_eeg.xdf,1,Data,emb_sound,850
unknown_order,D:\A. NEUROSCIENCE\CSL LAB Project I\Data\4\EEG-Audio-Context\eeg_data\P03\eeg\sub-P03_eeg.xdf,2,Data,Unicorn,243698
unknown_order,D:\A. NEUROSCIENCE\CSL LAB Project I\Data\4\EEG-Audio-Context\eeg_data\P04\eeg\sub-P04_eeg.xdf,0,Markers,n-back,42
unknown_order,D:\A. NEUROSCIENCE\CSL LAB Project I\Data\4\EEG-Audio-Context\eeg_data\P04\eeg\sub-P04_eeg.xdf,1,Data,emb_sound,855
unknown_order,D:\A. NEUROSCIENCE\CSL LAB Project I\Data\4\EEG-Audio-Context\eeg_data\P04\eeg\sub-P04_eeg.xdf,2,Data,Unicorn,229299
unknown_order,D:\A. NEUROSCIENCE\CSL LAB Project I\Data\4\EEG-Audio-Context\eeg_data\P05\eeg\sub-P05_eeg.xdf,0,Data,Unicorn,239885
unknown_order,D:\A. NEUROSCIENCE\CSL LAB Project I\Data\4\EEG-Audio-Context\eeg_data\P05\eeg\sub-P05_eeg.xdf,1,Markers,n-back,42
unknown_order,D:\A. NEUROSCIENCE\CSL LAB Project I\Data\4\EEG-Audio-Context\eeg_data\P05\eeg\sub-P05_eeg.xdf,2,Data,emb_sound,851
unknown_order,D:\A. NEUROSCIENCE\CSL LAB Project I\Data\4\EEG-Audio-Context\eeg_data\P06\eeg\sub-P06_eeg.xdf,0,Data,Unicorn,239143
unknown_order,D:\A. NEUROSCIENCE\CSL LAB Project I\Data\4\EEG-Audio-Context\eeg_data\P06\eeg\sub-P06_eeg.xdf,1,Markers,n-back,42
unknown_order,D:\A. NEUROSCIENCE\CSL LAB Project I\Data\4\EEG-Audio-Context\eeg_data\P06\eeg\sub-P06_eeg.xdf,2,Data,emb_sound,851
unknown_order,D:\A. NEUROSCIENCE\CSL LAB Project I\Data\4\EEG-Audio-Context\eeg_data\P07\eeg\sub-P07_eeg.xdf,0,Data,Unicorn,256415
unknown_order,D:\A. NEUROSCIENCE\CSL LAB Project I\Data\4\EEG-Audio-Context\eeg_data\P07\eeg\sub-P07_eeg.xdf,1,Markers,n-back,42
unknown_order,D:\A. NEUROSCIENCE\CSL LAB Project I\Data\4\EEG-Audio-Context\eeg_data\P07\eeg\sub-P07_eeg.xdf,2,Data,emb_sound,852
unknown_order,D:\A. NEUROSCIENCE\CSL LAB Project I\Data\4\EEG-Audio-Context\eeg_data\P08\eeg\sub-P08_eeg.xdf,0,Data,emb_sound,851
unknown_order,D:\A. NEUROSCIENCE\CSL LAB Project I\Data\4\EEG-Audio-Context\eeg_data\P08\eeg\sub-P08_eeg.xdf,1,Markers,n-back,43
unknown_order,D:\A. NEUROSCIENCE\CSL LAB Project I\Data\4\EEG-Audio-Context\eeg_data\P08\eeg\sub-P08_eeg.xdf,2,Data,Unicorn,305232
unknown_order,D:\A. NEUROSCIENCE\CSL LAB Project I\Data\4\EEG-Audio-Context\eeg_data\P09\eeg\sub-P09_eeg.xdf,0,Data,emb_sound,851
unknown_order,D:\A. NEUROSCIENCE\CSL LAB Project I\Data\4\EEG-Audio-Context\eeg_data\P09\eeg\sub-P09_eeg.xdf,1,Markers,n-back,42
unknown_order,D:\A. NEUROSCIENCE\CSL LAB Project I\Data\4\EEG-Audio-Context\eeg_data\P09\eeg\sub-P09_eeg.xdf,2,Data,Unicorn,289526
unknown_order,D:\A. NEUROSCIENCE\CSL LAB Project I\Data\4\EEG-Audio-Context\eeg_data\P10\eeg\sub-P10_eeg.xdf,0,Data,emb_sound,851
unknown_order,D:\A. NEUROSCIENCE\CSL LAB Project I\Data\4\EEG-Audio-Context\eeg_data\P10\eeg\sub-P10_eeg.xdf,1,Markers,n-back,43
unknown_order,D:\A. NEUROSCIENCE\CSL LAB Project I\Data\4\EEG-Audio-Context\eeg_data\P10\eeg\sub-P10_eeg.xdf,2,Data,Unicorn,241730
unknown_order,D:\A. NEUROSCIENCE\CSL LAB Project I\Data\4\EEG_Video_Context\eeg_data\P01\eeg\sub-P01_eeg.xdf,0,Markers,n-back,26
unknown_order,D:\A. NEUROSCIENCE\CSL LAB Project I\Data\4\EEG_Video_Context\eeg_data\P01\eeg\sub-P01_eeg.xdf,1,Data,EEG,217726
unknown_order,D:\A. NEUROSCIENCE\CSL LAB Project I\Data\4\EEG_Video_Context\eeg_data\P02\eeg\sub-P02_eeg.xdf,0,Markers,n-back,26
unknown_order,D:\A. NEUROSCIENCE\CSL LAB Project I\Data\4\EEG_Video_Context\eeg_data\P02\eeg\sub-P02_eeg.xdf,1,Data,EEG,215968
unknown_order,D:\A. NEUROSCIENCE\CSL LAB Project I\Data\4\EEG_Video_Context\eeg_data\P03\eeg\sub-P03_eeg.xdf,0,Markers,n-back,26
unknown_order,D:\A. NEUROSCIENCE\CSL LAB Project I\Data\4\EEG_Video_Context\eeg_data\P03\eeg\sub-P03_eeg.xdf,1,Data,EEG,215697
unknown_order,D:\A. NEUROSCIENCE\CSL LAB Project I\Data\4\EEG_Video_Context\eeg_data\P04\eeg\sub-P04_eeg.xdf,0,Markers,n-back,26
unknown_order,D:\A. NEUROSCIENCE\CSL LAB Project I\Data\4\EEG_Video_Context\eeg_data\P04\eeg\sub-P04_eeg.xdf,1,Data,EEG,217311
unknown_order,D:\A. NEUROSCIENCE\CSL LAB Project I\Data\4\EEG_Video_Context\eeg_data\P05\eeg\sub-P05_eeg.xdf,0,Data,EEG,218576
unknown_order,D:\A. NEUROSCIENCE\CSL LAB Project I\Data\4\EEG_Video_Context\eeg_data\P05\eeg\sub-P05_eeg.xdf,1,Markers,n-back,26
unknown_order,D:\A. NEUROSCIENCE\CSL LAB Project I\Data\4\EEG_Video_Context\eeg_data\P06\eeg\sub-P06_eeg.xdf,0,Data,EEG,219559
unknown_order,D:\A. NEUROSCIENCE\CSL LAB Project I\Data\4\EEG_Video_Context\eeg_data\P06\eeg\sub-P06_eeg.xdf,1,Markers,n-back,27
unknown_order,D:\A. NEUROSCIENCE\CSL LAB Project I\Data\4\EEG_Video_Context\eeg_data\P07\eeg\sub-P07_eeg.xdf,0,Markers,n-back,26
unknown_order,D:\A. NEUROSCIENCE\CSL LAB Project I\Data\4\EEG_Video_Context\eeg_data\P07\eeg\sub-P07_eeg.xdf,1,Data,EEG,215683
unknown_order,D:\A. NEUROSCIENCE\CSL LAB Project I\Data\4\EEG_Video_Context\eeg_data\P08\eeg\sub-P08_eeg.xdf,0,Markers,n-back,26
unknown_order,D:\A. NEUROSCIENCE\CSL LAB Project I\Data\4\EEG_Video_Context\eeg_data\P08\eeg\sub-P08_eeg.xdf,1,Data,EEG,217580
unknown_order,D:\A. NEUROSCIENCE\CSL LAB Project I\Data\4\EEG_Video_Context\eeg_data\P09\eeg\sub-P09_eeg.xdf,0,Data,EEG,215562
unknown_order,D:\A. NEUROSCIENCE\CSL LAB Project I\Data\4\EEG_Video_Context\eeg_data\P09\eeg\sub-P09_eeg.xdf,1,Markers,n-back,26
unknown_order,D:\A. NEUROSCIENCE\CSL LAB Project I\Data\4\EEG_Video_Context\eeg_data\P10\eeg\sub-P10_eeg.xdf,0,Data,EEG,215072
unknown_order,D:\A. NEUROSCIENCE\CSL LAB Project I\Data\4\EEG_Video_Context\eeg_data\P10\eeg\sub-P10_eeg.xdf,1,Markers,n-back,26
known_order,D:\A. NEUROSCIENCE\CSL LAB Project I\New collected data\data Harmonisation\sub-correct\ses-S0011\eeg\sub-correct_ses-S0011_task-Default_run-001_eeg.xdf,0,Data,Unicorn,98324
known_order,D:\A. NEUROSCIENCE\CSL LAB Project I\New collected data\data Harmonisation\sub-correct\ses-S0012\eeg\sub-correct_ses-S0012_task-Default_run-001_eeg.xdf,0,Data,Unicorn,98186
known_order,D:\A. NEUROSCIENCE\CSL LAB Project I\New collected data\data Harmonisation\sub-correct\ses-S0013\eeg\sub-correct_ses-S0013_task-Default_run-001_eeg.xdf,0,Data,Unicorn,97325
known_order,D:\A. NEUROSCIENCE\CSL LAB Project I\New collected data\data Harmonisation\sub-correct\ses-S0014\eeg\sub-correct_ses-S0014_task-Default_run-001_eeg.xdf,0,Data,Unicorn,95950
known_order,D:\A. NEUROSCIENCE\CSL LAB Project I\New collected data\data Harmonisation\sub-correct\ses-S005\eeg\sub-correct\order_ses-S005_task-Default_run-001_eeg.xdf,0,Data,Unicorn,96440
known_order,D:\A. NEUROSCIENCE\CSL LAB Project I\New collected data\data Harmonisation\sub-incorrect\ses-S001\eeg\sub-P001_ses-S001_task-Default_run-001_eeg.xdf,0,Data,Unicorn,98063
known_order,D:\A. NEUROSCIENCE\CSL LAB Project I\New collected data\data Harmonisation\sub-incorrect\ses-S0010\eeg\sub-P001_ses-S0010_task-Default_run-001_eeg.xdf,0,Data,Unicorn,95939
known_order,D:\A. NEUROSCIENCE\CSL LAB Project I\New collected data\data Harmonisation\sub-incorrect\ses-S0015\eeg\sub-P001_ses-S0015_task-Default_run-001_eeg.xdf,0,Data,Unicorn,96069
known_order,D:\A. NEUROSCIENCE\CSL LAB Project I\New collected data\data Harmonisation\sub-incorrect\ses-S002\eeg\sub-P001_ses-S002_task-Default_run-001_eeg.xdf,0,Data,Unicorn,97440
known_order,D:\A. NEUROSCIENCE\CSL LAB Project I\New collected data\data Harmonisation\sub-incorrect\ses-S003\eeg\sub-P001_ses-S003_task-Default_run-001_eeg.xdf,0,Data,Unicorn,102443
known_order,D:\A. NEUROSCIENCE\CSL LAB Project I\New collected data\data Harmonisation\sub-incorrect\ses-S004\eeg\sub-P001_ses-S004_task-Default_run-001_eeg.xdf,0,Data,Unicorn,95814
known_order,D:\A. NEUROSCIENCE\CSL LAB Project I\New collected data\data Harmonisation\sub-incorrect\ses-S006\eeg\sub-P001_ses-S006_task-Default_run-001_eeg.xdf,0,Data,Unicorn,98566
known_order,D:\A. NEUROSCIENCE\CSL LAB Project I\New collected data\data Harmonisation\sub-incorrect\ses-S007\eeg\sub-P001_ses-S007_task-Default_run-001_eeg.xdf,0,Data,Unicorn,96437
known_order,D:\A. NEUROSCIENCE\CSL LAB Project I\New collected data\data Harmonisation\sub-incorrect\ses-S008\eeg\sub-P001_ses-S008_task-Default_run-001_eeg.xdf,0,Data,Unicorn,99190
known_order,D:\A. NEUROSCIENCE\CSL LAB Project I\New collected data\data Harmonisation\sub-incorrect\ses-S009\eeg\sub-P001_ses-S009_task-Default_run-001_eeg.xdf,0,Data,Unicorn,96320
